unitid,university_name,year,Unique_identification_number_of_the_institution,Secondary_school_GPA,Secondary_school_rank,Secondary_school_record,Completion_of_college-preparatory_program,Recommendations,Formal_demonstration_of_competencies,Admission_test_scores,English_Proficiency_Test,"Other_Test_(Wonderlic,_WISC-III,_etc.)",XAPPLCN,Applicants_total,XAPPLCNM,Applicants_men,XAPPLCNW,Applicants_women,XADMSSN,Admissions_total,XADMSSNM,Admissions_men,XADMSSNW,Admissions_women,XENRLT,Enrolled_total,XENRLM,Enrolled__men,XENRLW,Enrolled__women,XENRLFT,Enrolled_full_time_total,XENRLFTM,Enrolled_full_time_men,XENRLFTW,Enrolled_full_time_women,XENRLPT,Enrolled_part_time_total,XENRLPTM,Enrolled_part_time_men,XENRLPTW,Enrolled_part_time_women,XSATNUM,Number_of_first-time_degree/certificate-seeking_students_submitting_SAT_scores,XSATPCT,Percent_of_first-time_degree/certificate-seeking_students_submitting_SAT_scores,XACTNUM,Number_of_first-time_degree/certificate-seeking_students_submitting_ACT_scores,XACTPCT,Percent_of_first-time_degree/certificate-seeking_students_submitting_ACT_scores,XSATVR25,SAT_Evidence-Based_Reading_and_Writing_25th_percentile_score,XSATVR75,SAT_Evidence-Based_Reading_and_Writing_75th_percentile_score,XSATMT25,SAT_Math_25th_percentile_score,XSATMT75,SAT_Math_75th_percentile_score,XACTCM25,ACT_Composite_25th_percentile_score,XACTCM75,ACT_Composite_75th_percentile_score,XACTEN25,ACT_English_25th_percentile_score,XACTEN75,ACT_English_75th_percentile_score,XACTMT25,ACT_Math_25th_percentile_score,XACTMT75,ACTMT75 ,Work_experience,Personal_statement_or_essay,Legacy_status,XAPPLCNAN,Applicants_another_gender,XAPPLCNUN,Applicants_gender_unknown,XADMSSNAN,Admissions_another_gender,XADMSSNUN,Admissions_gender_unknown,XENRLAN,Enrolled_another_gender,XENRLUN,Enrolled_gender_unknown,XENRLFTAN,Enrolled_full_time_another_gender,XENRLFTUN,Enrolled_full_time_gender_unknown,XENRLPTAN,Enrolled_part_time_another_gender,XENRLPTUN,Enrolled_part_time_gender_unknown,XSATVR50,SAT_Evidence-Based_Reading_and_Writing_50th_percentile_score,XSATMT50,SAT_Math_50th_percentile_score,XACTCM50,ACT_Composite_50th_percentile_score,XACTEN50,ACT_English_50th_percentile_score,XACTMT50,ACT_Math_50th_percentile_score,ACTMT75   
183822,Bloomfield College,2018,183822,1,2,1,2,1,2,5,1,3,R,3786,R,1468.0,R,2318.0,R,2295.0,R,831.0,R,1464.0,R,394.0,R,147.0,R,247.0,R,390.0,R,146.0,R,244.0,R,4.0,R,1.0,R,3.0,R,298.0,R,77.0,R,28.0,R,7.0,R,430.0,R,530.0,R,430.0,R,530.0,R,16.0,R,19.0,R,15.0,R,20.0,R,16.0,R,18.0,,,,,,,,,,,,,,,,,,,,,,,,,,,,,,,,,,
183822,Bloomfield College,2019,183822,1,2,1,2,1,2,5,1,3,R,4034,R,1473.0,R,2561.0,R,2848.0,R,966.0,R,1882.0,R,400.0,R,150.0,R,250.0,R,397.0,R,149.0,R,248.0,R,3.0,R,1.0,R,2.0,R,246.0,R,62.0,R,26.0,R,7.0,R,420.0,R,560.0,R,400.0,R,550.0,R,14.0,R,20.0,R,13.0,R,21.0,R,15.0,R,18.0,,,,,,,,,,,,,,,,,,,,,,,,,,,,,,,,,,
183822,Bloomfield College,2020,183822,1,2,1,2,1,2,5,1,3,R,4195,R,1432.0,R,2763.0,R,3551.0,R,1187.0,R,2364.0,R,376.0,R,137.0,R,239.0,R,353.0,R,127.0,R,226.0,R,23.0,R,10.0,R,13.0,R,175.0,R,47.0,R,28.0,R,7.0,R,400.0,R,490.0,R,390.0,R,480.0,R,15.0,R,19.0,R,14.0,R,19.0,R,15.0,R,17.0,,,,,,,,,,,,,,,,,,,,,,,,,,,,,,,,,,
183822,Bloomfield College,2021,183822,1,2,1,2,1,2,5,1,3,R,2737,R,1038.0,R,1699.0,R,2300.0,R,841.0,R,1459.0,R,277.0,R,120.0,R,157.0,R,273.0,R,117.0,R,156.0,R,4.0,R,3.0,R,1.0,R,30.0,R,11.0,R,1.0,R,1.0,R,390.0,R,532.0,R,427.0,R,532.0,A,,A,,A,,A,,A,,A,,,,,,,,,,,,,,,,,,,,,,,,,,,,,,,,,,,
183822,Bloomfield College,2022,183822,1,5,1,5,1,5,5,1,3,R,3579,R,1299.0,R,2273.0,R,2798.0,R,988.0,R,1805.0,R,235.0,R,99.0,R,136.0,R,230.0,R,98.0,R,132.0,R,5.0,R,1.0,R,4.0,R,23.0,R,10.0,R,7.0,R,3.0,R,410.0,R,460.0,R,360.0,R,500.0,R,14.0,R,16.0,R,13.0,R,18.0,R,14.0,R,,3.0,3.0,3.0,R,7.0,R,0.0,R,5.0,R,0.0,R,0.0,R,0.0,A,,R,0.0,A,,R,0.0,R,440.0,R,420.0,R,15.0,R,16.0,R,15.0,17.0
183822,Bloomfield College,2023,183822,1,5,1,5,1,5,5,1,3,R,3491,R,1153.0,R,2311.0,R,2347.0,R,837.0,R,1483.0,R,182.0,R,77.0,R,105.0,R,180.0,R,76.0,R,104.0,R,2.0,R,1.0,R,1.0,R,4.0,R,2.0,R,1.0,R,1.0,S,,S,,S,,S,,S,,S,,S,,S,,S,,S,,3.0,3.0,3.0,R,27.0,R,0.0,R,27.0,R,0.0,R,0.0,R,0.0,A,,R,0.0,A,,R,0.0,S,,S,,S,,S,,S,,
183910,Caldwell University,2018,183910,1,2,1,2,2,3,1,2,3,R,4433,R,1685.0,R,2748.0,R,2954.0,R,1052.0,R,1902.0,R,494.0,R,174.0,R,320.0,R,494.0,R,174.0,R,320.0,A,,A,,A,,R,386.0,R,78.0,R,73.0,R,15.0,R,480.0,R,578.0,R,480.0,R,570.0,R,17.0,R,22.0,R,16.0,R,22.0,R,16.0,R,23.0,,,,,,,,,,,,,,,,,,,,,,,,,,,,,,,,,,
183910,Caldwell University,2019,183910,1,2,1,2,2,3,1,1,3,R,3527,R,1139.0,R,2388.0,R,3289.0,R,1135.0,R,2154.0,R,445.0,R,176.0,R,269.0,R,445.0,R,176.0,R,269.0,R,0.0,R,0.0,R,0.0,R,416.0,R,93.0,R,54.0,R,12.0,R,470.0,R,570.0,R,470.0,R,580.0,R,17.0,R,23.0,R,15.0,R,23.0,R,17.0,R,22.0,,,,,,,,,,,,,,,,,,,,,,,,,,,,,,,,,,
183910,Caldwell University,2020,183910,1,2,1,2,2,3,5,1,3,R,4141,R,1606.0,R,2535.0,R,3790.0,R,1437.0,R,2353.0,R,445.0,R,183.0,R,262.0,R,445.0,R,183.0,R,262.0,A,,A,,A,,R,398.0,R,89.0,R,45.0,R,10.0,R,460.0,R,560.0,R,460.0,R,550.0,R,16.0,R,23.0,R,15.0,R,22.0,R,16.0,R,24.0,,,,,,,,,,,,,,,,,,,,,,,,,,,,,,,,,,
183910,Caldwell University,2021,183910,1,2,1,2,2,3,5,2,3,R,3494,R,1352.0,R,2142.0,R,3353.0,R,1287.0,R,2066.0,R,349.0,R,185.0,R,164.0,R,349.0,R,185.0,R,164.0,A,,A,,A,,R,100.0,R,29.0,R,1.0,R,0.0,R,500.0,R,610.0,R,500.0,R,700.0,A,,A,,A,,A,,A,,A,,,,,,,,,,,,,,,,,,,,,,,,,,,,,,,,,,,
183910,Caldwell University,2022,183910,1,5,1,5,5,3,5,1,3,R,6649,R,2759.0,R,3890.0,R,4413.0,R,1712.0,R,2701.0,R,445.0,R,196.0,R,249.0,R,444.0,R,196.0,R,248.0,R,1.0,R,0.0,R,1.0,R,102.0,R,23.0,R,5.0,R,1.0,R,500.0,R,620.0,R,510.0,R,700.0,R,20.0,R,26.0,R,23.0,R,24.0,R,15.0,R,,5.0,5.0,3.0,A,,R,0.0,A,,R,0.0,A,,R,0.0,A,,R,0.0,A,,R,0.0,R,545.0,R,585.0,R,26.0,R,23.0,R,20.0,27.0
183910,Caldwell University,2023,183910,1,5,1,5,5,3,3,1,3,R,7845,R,3507.0,R,4273.0,R,5131.0,R,2156.0,R,2969.0,R,343.0,R,141.0,R,202.0,R,336.0,R,137.0,R,199.0,R,7.0,R,4.0,R,3.0,A,,A,,A,,A,,A,,A,,A,,A,,A,,A,,A,,A,,A,,A,,5.0,5.0,3.0,R,65.0,R,0.0,R,6.0,R,0.0,R,0.0,R,0.0,A,,R,0.0,A,,R,0.0,A,,A,,A,,A,,A,,
183974,Centenary University,2018,183974,1,2,2,2,2,3,1,1,3,R,1546,R,517.0,R,1029.0,R,1033.0,R,333.0,R,700.0,R,234.0,R,96.0,R,138.0,R,224.0,R,92.0,R,132.0,R,10.0,R,4.0,R,6.0,R,190.0,R,81.0,R,28.0,R,12.0,R,440.0,R,550.0,R,430.0,R,540.0,R,17.0,R,22.0,R,15.0,R,22.0,R,16.0,R,22.0,,,,,,,,,,,,,,,,,,,,,,,,,,,,,,,,,,
183974,Centenary University,2019,183974,1,3,1,2,2,3,1,1,3,R,1362,R,464.0,R,898.0,R,1022.0,R,344.0,R,678.0,R,205.0,R,64.0,R,141.0,R,200.0,R,63.0,R,137.0,R,5.0,R,1.0,R,4.0,R,164.0,R,80.0,R,28.0,R,14.0,R,465.0,R,570.0,R,473.0,R,578.0,R,15.0,R,25.0,R,12.0,R,22.0,R,15.0,R,23.0,,,,,,,,,,,,,,,,,,,,,,,,,,,,,,,,,,
183974,Centenary University,2020,183974,1,3,1,2,2,3,5,1,3,R,1342,R,488.0,R,854.0,R,1248.0,R,446.0,R,802.0,R,234.0,R,100.0,R,134.0,R,230.0,R,98.0,R,132.0,R,4.0,R,2.0,R,2.0,R,155.0,R,67.0,R,15.0,R,6.0,R,455.0,R,560.0,R,440.0,R,540.0,R,15.0,R,22.0,R,12.0,R,23.0,R,15.0,R,18.0,,,,,,,,,,,,,,,,,,,,,,,,,,,,,,,,,,
183974,Centenary University,2021,183974,1,3,1,2,2,3,5,1,3,R,1346,R,513.0,R,833.0,R,1314.0,R,502.0,R,812.0,R,235.0,R,92.0,R,143.0,R,233.0,R,91.0,R,142.0,R,2.0,R,1.0,R,1.0,R,15.0,R,6.0,R,3.0,R,1.0,R,540.0,R,610.0,R,450.0,R,560.0,P,15.0,P,22.0,P,12.0,P,23.0,P,15.0,P,18.0,,,,,,,,,,,,,,,,,,,,,,,,,,,,,,,,,,
183974,Centenary University,2022,183974,1,3,1,1,5,3,5,1,3,R,1330,R,494.0,R,835.0,R,1284.0,R,474.0,R,809.0,R,194.0,R,72.0,R,121.0,R,194.0,R,72.0,R,121.0,R,0.0,R,0.0,R,0.0,R,0.0,R,0.0,R,0.0,R,0.0,A,,A,,A,,A,,A,,A,,A,,A,,A,,A,,3.0,5.0,3.0,R,1.0,R,0.0,R,1.0,R,0.0,R,1.0,R,0.0,R,1.0,R,0.0,R,0.0,R,0.0,A,,A,,A,,A,,A,,
183974,Centenary University,2023,183974,1,3,1,3,3,3,5,1,3,R,1294,R,470.0,R,821.0,R,1251.0,R,450.0,R,799.0,R,181.0,R,81.0,R,99.0,R,181.0,R,81.0,R,99.0,R,0.0,R,0.0,R,0.0,R,0.0,R,0.0,R,0.0,R,0.0,A,,A,,A,,A,,A,,A,,A,,A,,A,,A,,3.0,5.0,3.0,S,,S,,S,,S,,S,,S,,S,,S,,S,,S,,A,,A,,A,,A,,A,,
184348,Drew University,2018,184348,1,2,1,2,1,3,2,1,3,R,3788,R,1484.0,R,2304.0,R,2622.0,R,953.0,R,1669.0,R,420.0,R,164.0,R,256.0,R,420.0,R,164.0,R,256.0,A,,A,,A,,A,,A,,A,,A,,A,,A,,A,,A,,A,,A,,A,,A,,A,,A,,,,,,,,,,,,,,,,,,,,,,,,,,,,,,,,,,,
184348,Drew University,2019,184348,1,2,1,2,1,3,2,1,3,R,3928,R,1504.0,R,2424.0,R,2805.0,R,1023.0,R,1782.0,R,400.0,R,150.0,R,250.0,R,400.0,R,150.0,R,250.0,A,,A,,A,,A,,A,,A,,A,,A,,A,,A,,A,,A,,A,,A,,A,,A,,A,,,,,,,,,,,,,,,,,,,,,,,,,,,,,,,,,,,
184348,Drew University,2020,184348,1,2,1,2,1,3,2,1,3,R,3989,R,1589.0,R,2400.0,R,2918.0,R,1119.0,R,1799.0,R,343.0,R,147.0,R,196.0,R,343.0,R,147.0,R,196.0,A,,A,,A,,A,,A,,A,,A,,A,,A,,A,,A,,A,,A,,A,,A,,A,,A,,,,,,,,,,,,,,,,,,,,,,,,,,,,,,,,,,,
184348,Drew University,2021,184348,1,2,1,2,1,3,2,1,3,R,3542,R,1435.0,R,2107.0,R,2823.0,R,1085.0,R,1738.0,R,359.0,R,146.0,R,213.0,R,359.0,R,146.0,R,213.0,A,,A,,A,,A,,A,,A,,A,,A,,A,,A,,A,,A,,A,,A,,A,,A,,A,,,,,,,,,,,,,,,,,,,,,,,,,,,,,,,,,,,
184348,Drew University,2022,184348,1,5,1,5,1,3,5,1,3,R,3855,R,1540.0,R,2315.0,R,2801.0,R,1085.0,R,1716.0,R,309.0,R,126.0,R,183.0,R,309.0,R,126.0,R,183.0,A,,A,,A,,R,98.0,R,32.0,R,11.0,R,4.0,R,580.0,R,690.0,R,540.0,R,650.0,R,26.0,R,28.0,R,24.0,R,30.0,R,21.0,R,,3.0,1.0,3.0,A,,R,0.0,A,,R,0.0,A,,R,0.0,A,,R,0.0,A,,A,,R,640.0,R,600.0,R,27.0,R,27.0,R,25.0,27.0
184348,Drew University,2023,184348,1,5,1,5,1,3,5,1,3,R,4604,R,1972.0,R,2632.0,R,3197.0,R,1279.0,R,1918.0,R,404.0,R,175.0,R,229.0,R,404.0,R,175.0,R,229.0,A,,A,,A,,R,111.0,R,28.0,R,19.0,R,5.0,R,560.0,R,680.0,R,550.0,R,640.0,R,25.0,R,31.0,R,25.0,R,35.0,R,20.0,R,,3.0,1.0,3.0,A,,R,0.0,A,,R,0.0,A,,R,0.0,A,,R,0.0,A,,A,,R,620.0,R,620.0,R,27.0,R,29.0,R,25.0,28.0
184603,Fairleigh Dickinson University-Metropolitan Campus,2018,184603,1,2,1,1,1,3,3,1,3,R,4703,R,1896.0,R,2807.0,R,4197.0,R,1674.0,R,2523.0,R,605.0,R,259.0,R,346.0,R,527.0,R,230.0,R,297.0,R,78.0,R,29.0,R,49.0,A,,A,,A,,A,,A,,A,,A,,A,,A,,A,,A,,A,,A,,A,,,,,,,,,,,,,,,,,,,,,,,,,,,,,,,,,,,
184603,Fairleigh Dickinson University-Metropolitan Campus,2019,184603,1,2,1,1,1,3,3,1,3,R,2808,R,1192.0,R,1616.0,R,2590.0,R,1088.0,R,1502.0,R,555.0,R,237.0,R,318.0,R,477.0,R,213.0,R,264.0,R,78.0,R,24.0,R,54.0,A,,A,,A,,A,,A,,A,,A,,A,,A,,A,,A,,A,,A,,A,,,,,,,,,,,,,,,,,,,,,,,,,,,,,,,,,,,
184603,Fairleigh Dickinson University-Metropolitan Campus,2020,184603,1,2,1,1,1,3,3,1,3,R,4042,R,1634.0,R,2408.0,R,3592.0,R,1445.0,R,2147.0,R,551.0,R,239.0,R,312.0,R,512.0,R,220.0,R,292.0,R,39.0,R,19.0,R,20.0,A,,A,,A,,A,,A,,A,,A,,A,,A,,A,,A,,A,,A,,A,,,,,,,,,,,,,,,,,,,,,,,,,,,,,,,,,,,
184603,Fairleigh Dickinson University-Metropolitan Campus,2021,184603,1,2,1,1,1,3,3,1,3,R,3982,R,1761.0,R,2221.0,R,3374.0,R,1446.0,R,1928.0,R,463.0,R,229.0,R,234.0,R,449.0,R,222.0,R,227.0,R,14.0,R,7.0,R,7.0,A,,A,,A,,A,,A,,A,,A,,A,,A,,A,,A,,A,,A,,A,,,,,,,,,,,,,,,,,,,,,,,,,,,,,,,,,,,
184603,Fairleigh Dickinson University-Metropolitan Campus,2022,184603,1,3,1,1,5,3,5,1,3,R,4294,R,1985.0,R,2208.0,R,3611.0,R,1623.0,R,1899.0,R,531.0,R,292.0,R,239.0,R,515.0,R,291.0,R,224.0,R,16.0,R,1.0,R,15.0,R,65.0,R,12.0,R,10.0,R,2.0,R,460.0,R,580.0,R,448.0,R,600.0,R,20.0,R,23.0,A,,A,,A,,A,,5.0,5.0,3.0,R,101.0,R,0.0,R,89.0,R,0.0,R,0.0,R,0.0,A,,R,0.0,A,,R,0.0,R,520.0,R,525.0,R,23.0,A,,A,,
184603,Fairleigh Dickinson University-Metropolitan Campus,2023,184603,1,3,1,1,5,3,5,1,3,R,4259,R,1874.0,R,2381.0,R,4085.0,R,1745.0,R,2336.0,R,606.0,R,273.0,R,333.0,R,551.0,R,253.0,R,298.0,R,55.0,R,20.0,R,35.0,R,1.0,R,1.0,A,,A,,S,,S,,S,,S,,A,,A,,A,,A,,A,,A,,5.0,5.0,3.0,S,,S,,S,,S,,S,,S,,S,,S,,S,,S,,S,,S,,A,,A,,A,,
184612,Felician University,2018,184612,1,1,1,1,3,3,1,1,3,R,2267,R,770.0,R,1497.0,R,1826.0,R,599.0,R,1227.0,R,288.0,R,101.0,R,187.0,R,288.0,R,101.0,R,187.0,A,,A,,A,,R,253.0,R,88.0,R,39.0,R,14.0,R,460.0,R,540.0,R,460.0,R,540.0,R,15.0,R,22.0,R,15.0,R,21.0,R,16.0,R,21.0,,,,,,,,,,,,,,,,,,,,,,,,,,,,,,,,,,
184612,Felician University,2019,184612,1,1,1,1,3,3,1,1,3,R,2545,R,824.0,R,1721.0,R,2191.0,R,677.0,R,1514.0,R,382.0,R,114.0,R,268.0,R,381.0,R,113.0,R,268.0,R,1.0,R,1.0,R,0.0,R,331.0,R,87.0,R,53.0,R,14.0,R,450.0,R,540.0,R,450.0,R,540.0,R,15.0,R,20.0,R,13.0,R,17.0,R,15.0,R,19.0,,,,,,,,,,,,,,,,,,,,,,,,,,,,,,,,,,
184612,Felician University,2020,184612,1,1,1,1,3,3,5,1,3,R,2838,R,920.0,R,1918.0,R,2655.0,R,814.0,R,1841.0,R,419.0,R,116.0,R,303.0,R,419.0,R,116.0,R,303.0,R,0.0,R,0.0,R,0.0,R,356.0,R,85.0,R,39.0,R,9.0,R,450.0,R,520.0,R,440.0,R,530.0,R,17.0,R,20.0,R,20.0,R,21.0,R,17.0,R,20.0,,,,,,,,,,,,,,,,,,,,,,,,,,,,,,,,,,
184612,Felician University,2021,184612,1,1,1,1,3,3,5,1,3,R,2307,R,806.0,R,1501.0,R,2122.0,R,713.0,R,1409.0,R,306.0,R,114.0,R,192.0,R,305.0,R,114.0,R,191.0,R,1.0,R,0.0,R,1.0,R,81.0,R,26.0,R,14.0,R,5.0,R,440.0,R,560.0,R,450.0,R,580.0,R,17.0,R,23.0,R,15.0,R,25.0,R,16.0,R,25.0,,,,,,,,,,,,,,,,,,,,,,,,,,,,,,,,,,
184612,Felician University,2022,184612,1,1,1,1,3,3,5,1,3,R,2286,R,844.0,R,1442.0,R,2038.0,R,727.0,R,1311.0,R,265.0,R,97.0,R,168.0,R,265.0,R,97.0,R,168.0,R,0.0,R,0.0,R,0.0,R,77.0,R,29.0,R,10.0,R,4.0,R,453.0,R,558.0,R,440.0,R,550.0,R,18.0,R,25.0,R,18.0,R,24.0,R,17.0,R,,3.0,3.0,5.0,R,0.0,R,0.0,A,,R,0.0,A,,R,0.0,A,,R,0.0,A,,R,0.0,R,510.0,R,520.0,R,21.0,R,22.0,R,23.0,25.0
184612,Felician University,2023,184612,1,1,1,1,3,3,5,1,3,R,2254,R,857.0,R,1397.0,R,2119.0,R,789.0,R,1330.0,R,350.0,R,138.0,R,212.0,R,350.0,R,138.0,R,212.0,A,,A,,A,,R,37.0,R,11.0,R,2.0,R,1.0,R,450.0,R,570.0,R,440.0,R,580.0,S,,S,,S,,S,,S,,S,,3.0,3.0,5.0,A,,R,0.0,A,,R,0.0,A,,R,0.0,A,,R,0.0,A,,A,,R,500.0,R,520.0,S,,S,,S,,
184694,Fairleigh Dickinson University-Florham Campus,2018,184694,1,2,1,1,1,3,3,1,3,R,4838,R,1996.0,R,2842.0,R,4083.0,R,1645.0,R,2438.0,R,673.0,R,284.0,R,389.0,R,671.0,R,284.0,R,387.0,R,2.0,R,0.0,R,2.0,A,,A,,A,,A,,A,,A,,A,,A,,A,,A,,A,,A,,A,,A,,,,,,,,,,,,,,,,,,,,,,,,,,,,,,,,,,,
184694,Fairleigh Dickinson University-Florham Campus,2019,184694,1,2,1,1,1,3,3,1,3,R,2954,R,1241.0,R,1713.0,R,2771.0,R,1158.0,R,1613.0,R,579.0,R,255.0,R,324.0,R,577.0,R,253.0,R,324.0,R,2.0,R,2.0,R,0.0,A,,A,,A,,A,,A,,A,,A,,A,,A,,A,,A,,A,,A,,A,,,,,,,,,,,,,,,,,,,,,,,,,,,,,,,,,,,
184694,Fairleigh Dickinson University-Florham Campus,2020,184694,1,2,1,1,1,3,3,1,3,R,4759,R,2089.0,R,2670.0,R,4108.0,R,1733.0,R,2375.0,R,561.0,R,237.0,R,324.0,R,551.0,R,230.0,R,321.0,R,10.0,R,7.0,R,3.0,A,,A,,A,,A,,A,,A,,A,,A,,A,,A,,A,,A,,A,,A,,,,,,,,,,,,,,,,,,,,,,,,,,,,,,,,,,,
184694,Fairleigh Dickinson University-Florham Campus,2021,184694,1,2,1,1,1,3,3,1,3,R,4125,R,1903.0,R,2222.0,R,3488.0,R,1557.0,R,1931.0,R,488.0,R,233.0,R,255.0,R,483.0,R,231.0,R,252.0,R,5.0,R,2.0,R,3.0,A,,A,,A,,A,,A,,A,,A,,A,,A,,A,,A,,A,,A,,A,,,,,,,,,,,,,,,,,,,,,,,,,,,,,,,,,,,
184694,Fairleigh Dickinson University-Florham Campus,2022,184694,1,3,1,1,5,3,5,1,3,R,4421,R,2141.0,R,2211.0,R,3940.0,R,1919.0,R,1956.0,R,467.0,R,253.0,R,214.0,R,461.0,R,249.0,R,212.0,R,6.0,R,4.0,R,2.0,R,85.0,R,18.0,R,9.0,R,2.0,R,530.0,R,650.0,R,510.0,R,660.0,R,19.0,R,30.0,A,,A,,A,,A,,5.0,5.0,3.0,R,69.0,R,0.0,R,65.0,R,0.0,R,0.0,R,0.0,A,,R,0.0,A,,R,0.0,R,600.0,R,570.0,R,26.0,A,,A,,
184694,Fairleigh Dickinson University-Florham Campus,2023,184694,1,3,1,1,5,3,5,1,3,R,4457,R,1955.0,R,2500.0,R,4246.0,R,1832.0,R,2412.0,R,512.0,R,222.0,R,290.0,R,506.0,R,220.0,R,286.0,R,6.0,R,2.0,R,4.0,R,1.0,R,1.0,R,2.0,R,1.0,S,,S,,S,,S,,S,,S,,S,,S,,S,,S,,5.0,5.0,3.0,S,,S,,S,,S,,S,,S,,S,,S,,S,,S,,S,,S,,S,,S,,S,,
184773,Georgian Court University,2018,184773,1,5,1,1,5,3,1,1,3,R,2087,R,697.0,R,1390.0,R,1513.0,R,484.0,R,1029.0,R,283.0,R,102.0,R,181.0,R,280.0,R,101.0,R,179.0,R,3.0,R,1.0,R,2.0,R,237.0,R,84.0,R,27.0,R,10.0,R,465.0,R,570.0,R,470.0,R,560.0,R,17.0,R,24.0,R,16.0,R,24.0,R,16.0,R,25.0,,,,,,,,,,,,,,,,,,,,,,,,,,,,,,,,,,
184773,Georgian Court University,2019,184773,1,5,1,1,5,3,1,1,3,R,1934,R,630.0,R,1304.0,R,1377.0,R,416.0,R,961.0,R,197.0,R,50.0,R,147.0,R,187.0,R,50.0,R,137.0,R,10.0,R,0.0,R,10.0,R,170.0,R,86.0,R,10.0,R,5.0,R,480.0,R,580.0,R,478.0,R,580.0,R,19.0,R,25.0,R,19.0,R,25.0,R,17.0,R,22.0,,,,,,,,,,,,,,,,,,,,,,,,,,,,,,,,,,
184773,Georgian Court University,2020,184773,1,5,1,1,5,3,5,1,3,R,1843,R,634.0,R,1209.0,R,1491.0,R,488.0,R,1003.0,R,201.0,R,72.0,R,129.0,R,194.0,R,72.0,R,122.0,R,7.0,R,0.0,R,7.0,R,124.0,R,62.0,R,13.0,R,7.0,R,470.0,R,570.0,R,470.0,R,568.0,R,17.0,R,22.0,R,16.0,R,22.0,R,17.0,R,22.0,,,,,,,,,,,,,,,,,,,,,,,,,,,,,,,,,,
184773,Georgian Court University,2021,184773,1,5,1,1,1,3,5,1,3,R,1505,R,521.0,R,984.0,R,1198.0,R,381.0,R,817.0,R,208.0,R,64.0,R,144.0,R,198.0,R,64.0,R,134.0,R,10.0,R,0.0,R,10.0,R,21.0,R,10.0,R,11.0,R,5.0,R,470.0,R,580.0,R,510.0,R,595.0,R,22.0,R,27.0,R,22.0,R,28.0,R,17.0,R,23.0,,,,,,,,,,,,,,,,,,,,,,,,,,,,,,,,,,
184773,Georgian Court University,2022,184773,1,5,1,1,1,5,5,1,3,R,2057,R,712.0,R,1345.0,R,1559.0,R,489.0,R,1070.0,R,204.0,R,66.0,R,138.0,R,196.0,R,65.0,R,131.0,R,8.0,R,1.0,R,7.0,R,6.0,R,3.0,R,3.0,R,2.0,R,533.0,R,648.0,R,510.0,R,603.0,A,,A,,A,,A,,A,,A,,5.0,1.0,5.0,A,,R,0.0,A,,R,0.0,A,,R,0.0,A,,R,0.0,A,,R,0.0,R,575.0,R,540.0,A,,A,,A,,
184773,Georgian Court University,2023,184773,1,5,1,1,1,5,5,1,3,R,2317,R,808.0,R,1509.0,R,1634.0,R,527.0,R,1107.0,R,232.0,R,85.0,R,147.0,R,226.0,R,85.0,R,141.0,R,6.0,R,0.0,R,6.0,R,3.0,R,1.0,R,0.0,R,0.0,S,,S,,S,,S,,A,,A,,A,,A,,A,,A,,5.0,1.0,5.0,A,,R,0.0,A,,R,0.0,A,,R,0.0,A,,R,0.0,A,,R,0.0,S,,S,,A,,A,,A,,
184782,Rowan University,2018,184782,1,5,1,2,2,1,1,1,3,R,14221,R,7180.0,R,7041.0,R,10341.0,R,5391.0,R,4950.0,R,2688.0,R,1580.0,R,1108.0,R,2677.0,R,1572.0,R,1105.0,R,11.0,R,8.0,R,3.0,R,2521.0,R,94.0,R,326.0,R,12.0,R,520.0,R,620.0,R,488.0,R,603.0,R,20.0,R,27.0,R,20.0,R,27.0,R,21.0,R,27.0,,,,,,,,,,,,,,,,,,,,,,,,,,,,,,,,,,
184782,Rowan University,2019,184782,1,5,1,2,2,1,1,1,3,R,14694,R,7394.0,R,7300.0,R,10924.0,R,5534.0,R,5390.0,R,2698.0,R,1552.0,R,1146.0,R,2692.0,R,1548.0,R,1144.0,R,6.0,R,4.0,R,2.0,R,2475.0,R,92.0,R,307.0,R,11.0,R,520.0,R,630.0,R,520.0,R,640.0,R,21.0,R,28.0,R,21.0,R,28.0,R,20.0,R,27.0,,,,,,,,,,,,,,,,,,,,,,,,,,,,,,,,,,
184782,Rowan University,2020,184782,1,5,1,2,2,1,5,1,3,R,14763,R,7209.0,R,7554.0,R,11517.0,R,5674.0,R,5843.0,R,2238.0,R,1239.0,R,999.0,R,2198.0,R,1220.0,R,978.0,R,40.0,R,19.0,R,21.0,R,1863.0,R,83.0,R,260.0,R,12.0,R,520.0,R,620.0,R,520.0,R,630.0,R,20.0,R,28.0,R,20.0,R,29.0,R,19.0,R,28.0,,,,,,,,,,,,,,,,,,,,,,,,,,,,,,,,,,
184782,Rowan University,2021,184782,1,5,1,2,2,1,5,1,3,R,11659,R,5776.0,R,5883.0,R,9767.0,R,4767.0,R,5000.0,R,2191.0,R,1214.0,R,977.0,R,2174.0,R,1206.0,R,968.0,R,17.0,R,8.0,R,9.0,R,988.0,R,45.0,R,70.0,R,3.0,R,540.0,R,640.0,R,530.0,R,640.0,R,23.0,R,30.0,R,21.0,R,31.0,R,21.0,R,29.0,,,,,,,,,,,,,,,,,,,,,,,,,,,,,,,,,,
184782,Rowan University,2022,184782,1,3,1,5,5,1,5,1,3,R,16903,R,7871.0,R,9032.0,R,13006.0,R,5877.0,R,7129.0,R,2585.0,R,1321.0,R,1264.0,R,2574.0,R,1315.0,R,1259.0,R,11.0,R,6.0,R,5.0,R,922.0,R,36.0,R,70.0,R,3.0,R,550.0,R,650.0,R,540.0,R,650.0,R,23.0,R,31.0,R,23.0,R,32.0,R,21.0,R,,3.0,3.0,3.0,A,,R,0.0,A,,R,0.0,A,,R,0.0,A,,R,0.0,A,,R,0.0,R,600.0,R,590.0,R,27.0,R,26.0,R,25.0,29.0
184782,Rowan University,2023,184782,1,3,1,5,5,1,5,1,3,R,17923,R,8739.0,R,9184.0,R,13948.0,R,6674.0,R,7274.0,R,2555.0,R,1395.0,R,1160.0,R,2539.0,R,1387.0,R,1152.0,R,16.0,R,8.0,R,8.0,R,824.0,R,32.0,R,44.0,R,2.0,R,560.0,R,660.0,R,540.0,R,650.0,R,26.0,R,30.0,R,23.0,R,31.0,R,25.0,R,,3.0,3.0,3.0,S,,S,,S,,S,,S,,S,,S,,S,,S,,S,,R,610.0,R,600.0,R,28.0,R,27.0,R,27.0,30.0
184968,Holy Name Medical Center-Sister Claire Tynan School of Nursing,2018,184968,3,3,1,3,3,1,3,3,3,R,2,R,1.0,R,1.0,R,2.0,R,1.0,R,1.0,R,2.0,R,1.0,R,1.0,R,2.0,R,1.0,R,1.0,R,0.0,R,0.0,R,0.0,A,,A,,A,,A,,A,,A,,A,,A,,A,,A,,A,,A,,A,,A,,,,,,,,,,,,,,,,,,,,,,,,,,,,,,,,,,,
184968,Holy Name Medical Center-Sister Claire Tynan School of Nursing,2019,184968,3,3,1,3,3,1,3,3,3,R,1,R,0.0,R,1.0,R,0.0,A,,R,0.0,A,,A,,A,,A,,A,,A,,A,,A,,A,,A,,A,,A,,A,,A,,A,,A,,A,,A,,A,,A,,A,,A,,A,,,,,,,,,,,,,,,,,,,,,,,,,,,,,,,,,,,
184968,Holy Name Medical Center-Sister Claire Tynan School of Nursing,2020,184968,3,3,1,3,3,1,3,3,1,R,8,R,1.0,R,7.0,R,4.0,R,0.0,R,4.0,R,3.0,A,,R,3.0,R,3.0,A,,R,3.0,R,0.0,A,,R,0.0,A,,A,,A,,A,,A,,A,,A,,A,,A,,A,,A,,A,,A,,A,,,,,,,,,,,,,,,,,,,,,,,,,,,,,,,,,,,
184968,Holy Name Medical Center-Sister Claire Tynan School of Nursing,2021,184968,3,3,1,3,3,1,3,3,1,R,13,R,4.0,R,9.0,R,2.0,R,2.0,R,0.0,R,1.0,R,1.0,A,,R,1.0,R,1.0,A,,A,,A,,A,,A,,A,,A,,A,,A,,A,,A,,A,,A,,A,,A,,A,,A,,A,,,,,,,,,,,,,,,,,,,,,,,,,,,,,,,,,,,
184968,Holy Name Medical Center-Sister Claire Tynan School of Nursing,2022,184968,3,3,1,3,3,1,3,3,1,R,15,R,1.0,R,14.0,R,3.0,R,0.0,R,3.0,R,3.0,A,,R,3.0,R,3.0,A,,R,3.0,A,,A,,A,,A,,A,,A,,A,,A,,A,,A,,A,,A,,A,,A,,A,,A,,A,,3.0,3.0,3.0,R,0.0,R,0.0,A,,R,0.0,A,,R,0.0,A,,R,0.0,A,,A,,A,,A,,A,,A,,A,,
184968,Holy Name Medical Center-Sister Claire Tynan School of Nursing,2023,184968,3,3,1,3,3,1,3,3,1,R,4,R,0.0,R,4.0,R,1.0,A,,R,1.0,R,1.0,A,,R,1.0,R,1.0,A,,R,1.0,A,,A,,A,,A,,A,,A,,A,,A,,A,,A,,A,,A,,A,,A,,A,,A,,A,,3.0,3.0,3.0,A,,R,0.0,A,,R,0.0,A,,R,0.0,A,,R,0.0,A,,A,,A,,A,,A,,A,,A,,
185129,New Jersey City University,2018,185129,1,2,1,2,1,2,1,1,3,R,4315,R,1769.0,R,2546.0,R,4136.0,R,1667.0,R,2469.0,R,968.0,R,454.0,R,514.0,R,959.0,R,449.0,R,510.0,R,9.0,R,5.0,R,4.0,R,928.0,R,96.0,Z,0.0,Z,0.0,R,430.0,R,530.0,R,420.0,R,530.0,A,,A,,A,,A,,A,,A,,,,,,,,,,,,,,,,,,,,,,,,,,,,,,,,,,,
185129,New Jersey City University,2019,185129,1,2,1,2,1,2,1,1,3,R,4868,R,1903.0,R,2965.0,R,4607.0,R,1784.0,R,2823.0,R,1008.0,R,450.0,R,558.0,R,1004.0,R,448.0,R,556.0,R,4.0,R,2.0,R,2.0,R,966.0,R,96.0,Z,0.0,Z,0.0,R,430.0,R,540.0,R,430.0,R,540.0,A,,A,,A,,A,,A,,A,,,,,,,,,,,,,,,,,,,,,,,,,,,,,,,,,,,
185129,New Jersey City University,2020,185129,1,2,1,2,1,2,2,1,3,R,6545,R,2553.0,R,3992.0,R,6305.0,R,2417.0,R,3888.0,R,1077.0,R,465.0,R,612.0,R,1074.0,R,463.0,R,611.0,R,3.0,R,2.0,R,1.0,A,,A,,A,,A,,A,,A,,A,,A,,A,,A,,A,,A,,A,,A,,,,,,,,,,,,,,,,,,,,,,,,,,,,,,,,,,,
185129,New Jersey City University,2021,185129,1,2,1,2,1,2,5,1,3,R,5586,R,2209.0,R,3377.0,R,5064.0,R,1945.0,R,3119.0,R,761.0,R,362.0,R,399.0,R,754.0,R,362.0,R,392.0,R,7.0,R,0.0,R,7.0,R,73.0,R,10.0,Z,0.0,Z,0.0,R,440.0,R,570.0,R,450.0,R,570.0,A,,A,,A,,A,,A,,A,,,,,,,,,,,,,,,,,,,,,,,,,,,,,,,,,,,
185129,New Jersey City University,2022,185129,1,5,1,5,1,5,5,1,3,R,6372,R,2500.0,R,3872.0,R,5744.0,R,2208.0,R,3536.0,R,768.0,R,349.0,R,419.0,R,754.0,R,345.0,R,409.0,R,14.0,R,4.0,R,10.0,R,0.0,R,0.0,R,0.0,R,0.0,A,,A,,A,,A,,A,,A,,A,,A,,A,,A,,3.0,1.0,3.0,A,,R,0.0,A,,R,0.0,A,,R,0.0,A,,R,0.0,A,,R,0.0,A,,A,,A,,A,,A,,
185129,New Jersey City University,2023,185129,1,5,1,5,1,5,3,1,3,R,5757,R,2309.0,R,3440.0,R,5134.0,R,2017.0,R,3110.0,R,576.0,R,287.0,R,286.0,R,560.0,R,277.0,R,281.0,R,16.0,R,10.0,R,5.0,A,,A,,A,,A,,A,,A,,A,,A,,A,,A,,A,,A,,A,,A,,3.0,1.0,3.0,A,,R,8.0,A,,R,7.0,A,,R,3.0,A,,R,2.0,A,,R,1.0,A,,A,,A,,A,,A,,
185174,Joe Kubert School of Cartoon and Graphic Art,2018,185174,2,3,1,3,3,1,3,3,3,R,79,R,59.0,R,20.0,R,76.0,R,57.0,R,19.0,R,33.0,R,25.0,R,8.0,R,33.0,R,25.0,R,8.0,A,,A,,A,,A,,A,,A,,A,,A,,A,,A,,A,,A,,A,,A,,A,,A,,A,,,,,,,,,,,,,,,,,,,,,,,,,,,,,,,,,,,
185174,Joe Kubert School of Cartoon and Graphic Art,2019,185174,2,3,1,3,3,1,3,3,3,R,75,R,65.0,R,10.0,R,72.0,R,62.0,R,10.0,R,37.0,R,30.0,R,7.0,R,37.0,R,30.0,R,7.0,A,,A,,A,,A,,A,,A,,A,,A,,A,,A,,A,,A,,A,,A,,A,,A,,A,,,,,,,,,,,,,,,,,,,,,,,,,,,,,,,,,,,
185174,Joe Kubert School of Cartoon and Graphic Art,2020,185174,2,3,1,3,3,1,3,3,3,R,67,R,45.0,R,22.0,R,62.0,R,40.0,R,22.0,R,26.0,R,19.0,R,7.0,R,26.0,R,19.0,R,7.0,A,,A,,A,,A,,A,,A,,A,,A,,A,,A,,A,,A,,A,,A,,A,,A,,A,,,,,,,,,,,,,,,,,,,,,,,,,,,,,,,,,,,
185174,Joe Kubert School of Cartoon and Graphic Art,2021,185174,2,3,1,3,3,1,3,3,3,R,52,R,40.0,R,12.0,R,44.0,R,36.0,R,8.0,R,39.0,R,32.0,R,7.0,R,39.0,R,32.0,R,7.0,A,,A,,A,,A,,A,,A,,A,,A,,A,,A,,A,,A,,A,,A,,A,,A,,A,,,,,,,,,,,,,,,,,,,,,,,,,,,,,,,,,,,
185174,Joe Kubert School of Cartoon and Graphic Art,2022,185174,3,3,1,3,3,1,3,3,3,R,83,R,56.0,R,27.0,R,66.0,R,44.0,R,22.0,R,36.0,R,26.0,R,10.0,R,36.0,R,26.0,R,10.0,A,,A,,A,,A,,A,,A,,A,,A,,A,,A,,A,,A,,A,,A,,A,,A,,A,,3.0,1.0,3.0,A,,R,0.0,A,,R,0.0,A,,R,0.0,A,,R,0.0,A,,A,,A,,A,,A,,A,,A,,
185262,Kean University,2018,185262,1,3,1,2,2,5,1,1,3,R,9082,R,3767.0,R,5315.0,R,7809.0,R,3152.0,R,4657.0,R,1815.0,R,794.0,R,1021.0,R,1781.0,R,780.0,R,1001.0,R,34.0,R,14.0,R,20.0,R,1355.0,R,75.0,R,169.0,R,9.0,R,450.0,R,540.0,R,440.0,R,540.0,R,17.0,R,22.0,A,,A,,A,,A,,,,,,,,,,,,,,,,,,,,,,,,,,,,,,,,,,,
185262,Kean University,2019,185262,1,3,1,2,2,5,1,1,3,R,9540,R,3689.0,R,5851.0,R,6541.0,R,2520.0,R,4021.0,R,1770.0,R,732.0,R,1038.0,R,1725.0,R,713.0,R,1012.0,R,45.0,R,19.0,R,26.0,R,1562.0,R,88.0,R,144.0,R,8.0,R,460.0,R,550.0,R,460.0,R,550.0,R,17.0,R,23.0,A,,A,,A,,A,,,,,,,,,,,,,,,,,,,,,,,,,,,,,,,,,,,
185262,Kean University,2020,185262,1,2,1,1,2,5,5,1,3,R,10138,R,3841.0,R,6297.0,R,7913.0,R,2878.0,R,5035.0,R,1702.0,R,667.0,R,1035.0,R,1656.0,R,646.0,R,1010.0,R,46.0,R,21.0,R,25.0,R,1451.0,R,85.0,R,124.0,R,7.0,R,460.0,R,550.0,R,460.0,R,550.0,R,16.0,R,22.0,A,,A,,A,,A,,,,,,,,,,,,,,,,,,,,,,,,,,,,,,,,,,,
185262,Kean University,2021,185262,1,5,1,1,2,5,5,1,3,R,9048,R,3510.0,R,5538.0,R,7162.0,R,2549.0,R,4613.0,R,1502.0,R,620.0,R,882.0,R,1456.0,R,598.0,R,858.0,R,46.0,R,22.0,R,24.0,R,261.0,R,17.0,R,28.0,R,2.0,R,460.0,R,570.0,R,460.0,R,550.0,R,17.0,R,23.0,A,,A,,A,,A,,,,,,,,,,,,,,,,,,,,,,,,,,,,,,,,,,,
185262,Kean University,2022,185262,1,5,1,1,5,5,5,1,3,R,10485,R,4061.0,R,6424.0,R,8661.0,R,3196.0,R,5465.0,R,1968.0,R,813.0,R,1155.0,R,1904.0,R,782.0,R,1122.0,R,64.0,R,31.0,R,33.0,R,252.0,R,13.0,R,28.0,R,1.0,R,450.0,R,580.0,R,450.0,R,580.0,R,16.0,R,25.0,A,,A,,A,,A,,5.0,1.0,5.0,A,,R,0.0,A,,R,0.0,A,,R,0.0,A,,R,0.0,A,,R,0.0,R,510.0,R,510.0,R,18.0,A,,A,,
185262,Kean University,2023,185262,1,5,1,1,5,5,5,1,3,R,12142,R,4755.0,R,7387.0,R,9335.0,R,3479.0,R,5856.0,R,1968.0,R,822.0,R,1146.0,R,1931.0,R,807.0,R,1124.0,R,37.0,R,15.0,R,22.0,R,10.0,R,1.0,R,0.0,R,0.0,R,515.0,R,598.0,R,505.0,R,600.0,A,,A,,A,,A,,A,,A,,5.0,1.0,5.0,R,0.0,R,0.0,A,,R,0.0,A,,R,0.0,A,,R,0.0,A,,R,0.0,R,570.0,R,580.0,A,,A,,A,,
185572,Monmouth University,2018,185572,1,3,1,2,1,3,1,1,3,R,9226,R,3780.0,R,5446.0,R,7105.0,R,2741.0,R,4364.0,R,1050.0,R,434.0,R,616.0,R,1050.0,R,434.0,R,616.0,A,,A,,A,,R,959.0,R,91.0,R,210.0,R,20.0,R,520.0,R,660.0,R,520.0,R,590.0,R,19.0,R,25.0,A,,A,,A,,A,,,,,,,,,,,,,,,,,,,,,,,,,,,,,,,,,,,
185572,Monmouth University,2019,185572,1,3,1,2,1,3,1,1,3,R,8984,R,3539.0,R,5445.0,R,6886.0,R,2558.0,R,4328.0,R,994.0,R,366.0,R,628.0,R,994.0,R,366.0,R,628.0,R,0.0,R,0.0,R,0.0,R,890.0,R,90.0,R,103.0,R,10.0,R,530.0,R,620.0,R,520.0,R,620.0,R,21.0,R,27.0,R,19.0,R,25.0,R,21.0,R,26.0,,,,,,,,,,,,,,,,,,,,,,,,,,,,,,,,,,
185572,Monmouth University,2020,185572,1,3,1,2,1,3,5,1,3,R,8367,R,3201.0,R,5166.0,R,6604.0,R,2404.0,R,4200.0,R,921.0,R,319.0,R,602.0,R,921.0,R,319.0,R,602.0,R,0.0,R,0.0,R,0.0,R,818.0,R,89.0,R,102.0,R,11.0,R,520.0,R,610.0,R,520.0,R,600.0,R,21.0,R,26.0,R,21.0,R,26.0,R,18.0,R,26.0,,,,,,,,,,,,,,,,,,,,,,,,,,,,,,,,,,
185572,Monmouth University,2021,185572,1,3,1,2,1,3,5,1,3,R,8208,R,3076.0,R,5132.0,R,6857.0,R,2361.0,R,4496.0,R,954.0,R,330.0,R,624.0,R,954.0,R,330.0,R,624.0,R,0.0,R,0.0,R,0.0,R,271.0,R,28.0,R,24.0,R,3.0,R,540.0,R,630.0,R,530.0,R,620.0,R,21.0,R,26.0,R,21.0,R,25.0,R,20.0,R,25.0,,,,,,,,,,,,,,,,,,,,,,,,,,,,,,,,,,
185572,Monmouth University,2022,185572,1,3,1,1,1,3,5,1,3,R,7937,R,2840.0,R,5097.0,R,7216.0,R,2469.0,R,4747.0,R,896.0,R,309.0,R,587.0,R,896.0,R,309.0,R,587.0,A,,A,,A,,R,206.0,R,23.0,R,15.0,R,2.0,R,560.0,R,660.0,R,550.0,R,640.0,R,22.0,R,30.0,R,22.0,R,30.0,R,21.0,R,,5.0,1.0,3.0,R,0.0,R,0.0,A,,R,0.0,A,,R,0.0,A,,R,0.0,A,,A,,R,610.0,R,590.0,R,26.0,R,23.0,R,24.0,27.0
185572,Monmouth University,2023,185572,1,3,1,1,1,3,5,1,3,R,8410,R,3213.0,R,5197.0,R,7530.0,R,2762.0,R,4768.0,R,975.0,R,363.0,R,612.0,R,974.0,R,363.0,R,611.0,R,1.0,Z,0.0,R,1.0,R,215.0,R,22.0,R,19.0,R,2.0,R,570.0,R,640.0,R,555.0,R,630.0,R,24.0,R,28.0,R,23.0,R,28.0,R,22.0,R,,5.0,1.0,3.0,A,,R,0.0,A,,R,0.0,A,,R,0.0,A,,R,0.0,A,,R,0.0,R,610.0,R,590.0,R,26.0,R,25.0,R,26.0,28.0
185590,Montclair State University,2018,185590,1,5,1,1,1,5,5,1,3,R,14324,R,5189.0,R,9135.0,R,10157.0,R,3356.0,R,6801.0,R,3199.0,R,1204.0,R,1995.0,R,3168.0,R,1188.0,R,1980.0,R,31.0,R,16.0,R,15.0,R,1307.0,R,41.0,R,0.0,R,0.0,R,500.0,R,590.0,R,490.0,R,580.0,A,,A,,A,,A,,A,,A,,,,,,,,,,,,,,,,,,,,,,,,,,,,,,,,,,,
185590,Montclair State University,2019,185590,1,5,1,1,1,5,5,1,3,R,12729,R,4547.0,R,8181.0,R,9713.0,R,3246.0,R,6467.0,R,3101.0,R,1125.0,R,1976.0,R,3082.0,R,1116.0,R,1966.0,R,19.0,R,9.0,R,10.0,R,1357.0,R,44.0,R,0.0,R,0.0,R,500.0,R,600.0,R,490.0,R,580.0,A,,A,,A,,A,,A,,A,,,,,,,,,,,,,,,,,,,,,,,,,,,,,,,,,,,
185590,Montclair State University,2020,185590,1,5,1,1,1,5,5,1,3,R,11888,R,4098.0,R,7790.0,R,9827.0,R,3236.0,R,6591.0,R,3136.0,R,1082.0,R,2054.0,R,3125.0,R,1075.0,R,2050.0,R,11.0,R,7.0,R,4.0,A,,A,,A,,A,,A,,A,,A,,A,,A,,A,,A,,A,,A,,A,,,,,,,,,,,,,,,,,,,,,,,,,,,,,,,,,,,
185590,Montclair State University,2021,185590,1,5,1,1,1,5,5,1,3,R,18691,R,6957.0,R,11734.0,R,16936.0,R,6104.0,R,10832.0,R,3491.0,R,1357.0,R,2134.0,R,3464.0,R,1345.0,R,2119.0,R,27.0,R,12.0,R,15.0,R,447.0,R,13.0,Z,0.0,Z,0.0,R,500.0,R,610.0,R,510.0,R,600.0,A,,A,,A,,A,,A,,A,,,,,,,,,,,,,,,,,,,,,,,,,,,,,,,,,,,
185590,Montclair State University,2022,185590,1,5,1,1,1,5,5,1,3,R,21393,R,8076.0,R,13317.0,R,19535.0,R,7211.0,R,12324.0,R,3946.0,R,1633.0,R,2313.0,R,3942.0,R,1631.0,R,2311.0,R,4.0,R,2.0,R,2.0,R,553.0,R,14.0,A,,A,,R,480.0,R,610.0,R,470.0,R,590.0,A,,A,,A,,A,,A,,A,,5.0,1.0,3.0,A,,R,0.0,A,,R,0.0,A,,R,0.0,A,,R,0.0,A,,R,0.0,R,550.0,R,530.0,A,,A,,A,,
185590,Montclair State University,2023,185590,1,5,1,1,1,5,5,1,3,R,23599,R,9247.0,R,14352.0,R,20629.0,R,7786.0,R,12843.0,R,4039.0,R,1666.0,R,2373.0,R,4019.0,R,1654.0,R,2365.0,R,20.0,R,12.0,R,8.0,R,329.0,R,8.0,A,,A,,R,480.0,R,620.0,R,460.0,R,605.0,A,,A,,A,,A,,A,,A,,5.0,1.0,3.0,A,,R,0.0,A,,R,0.0,A,,R,0.0,A,,R,0.0,A,,R,0.0,R,550.0,R,530.0,A,,A,,A,,
185679,JFK Muhlenberg Harold B. and Dorothy A. Snyder Schools,2018,185679,3,3,1,2,1,1,2,3,3,R,23,R,6.0,R,17.0,R,17.0,R,3.0,R,14.0,R,9.0,R,3.0,R,6.0,R,7.0,R,3.0,R,4.0,R,2.0,R,0.0,R,2.0,A,,A,,A,,A,,A,,A,,A,,A,,A,,A,,A,,A,,A,,A,,,,,,,,,,,,,,,,,,,,,,,,,,,,,,,,,,,
185679,JFK Muhlenberg Harold B. and Dorothy A. Snyder Schools,2019,185679,3,3,1,3,1,1,2,3,1,R,8,R,1.0,R,7.0,R,4.0,R,1.0,R,3.0,R,4.0,R,1.0,R,3.0,R,3.0,R,1.0,R,2.0,R,1.0,R,0.0,R,1.0,A,,A,,A,,A,,A,,A,,A,,A,,A,,A,,A,,A,,A,,A,,,,,,,,,,,,,,,,,,,,,,,,,,,,,,,,,,,
185679,JFK Muhlenberg Harold B. and Dorothy A. Snyder Schools,2020,185679,3,3,1,3,1,1,2,3,1,R,7,R,2.0,R,5.0,R,7.0,R,2.0,R,5.0,R,7.0,R,2.0,R,5.0,R,4.0,R,1.0,R,3.0,R,3.0,R,1.0,R,2.0,A,,A,,A,,A,,A,,A,,A,,A,,A,,A,,A,,A,,A,,A,,,,,,,,,,,,,,,,,,,,,,,,,,,,,,,,,,,
185679,JFK Muhlenberg Harold B. and Dorothy A. Snyder Schools,2021,185679,3,3,1,3,1,1,2,3,1,R,9,R,2.0,R,7.0,R,9.0,R,2.0,R,7.0,R,9.0,R,2.0,R,7.0,R,3.0,R,0.0,R,3.0,R,6.0,R,2.0,R,4.0,A,,A,,A,,A,,A,,A,,A,,A,,A,,A,,A,,A,,A,,A,,,,,,,,,,,,,,,,,,,,,,,,,,,,,,,,,,,
185679,JFK Muhlenberg Harold B. and Dorothy A. Snyder Schools,2022,185679,3,3,1,3,1,1,3,3,1,R,6,Z,0.0,R,6.0,R,6.0,A,,R,6.0,R,6.0,A,,R,6.0,R,6.0,A,,R,6.0,Z,0.0,A,,Z,0.0,A,,A,,A,,A,,A,,A,,A,,A,,A,,A,,A,,A,,A,,A,,3.0,1.0,3.0,Z,0.0,R,0.0,A,,R,0.0,A,,R,0.0,A,,R,0.0,A,,R,0.0,A,,A,,A,,A,,A,,
185679,JFK Muhlenberg Harold B. and Dorothy A. Snyder Schools,2023,185679,3,3,1,3,1,1,3,3,1,R,238,R,19.0,R,219.0,R,229.0,R,15.0,R,214.0,R,31.0,R,4.0,R,27.0,R,8.0,R,2.0,R,6.0,R,23.0,R,2.0,R,21.0,A,,A,,A,,A,,A,,A,,A,,A,,A,,A,,A,,A,,A,,A,,3.0,1.0,3.0,R,0.0,R,0.0,A,,R,0.0,A,,R,0.0,A,,R,0.0,A,,R,0.0,A,,A,,A,,A,,A,,
185828,New Jersey Institute of Technology,2018,185828,1,5,1,1,1,1,1,1,3,R,8123,R,5609.0,R,2514.0,R,5171.0,R,3570.0,R,1601.0,R,1286.0,R,984.0,R,302.0,R,1264.0,R,965.0,R,299.0,R,22.0,R,19.0,R,3.0,R,1135.0,R,90.0,R,214.0,R,17.0,R,580.0,R,670.0,R,610.0,R,710.0,R,25.0,R,30.0,R,23.0,R,32.0,R,25.0,R,31.0,,,,,,,,,,,,,,,,,,,,,,,,,,,,,,,,,,
185828,New Jersey Institute of Technology,2019,185828,1,5,1,1,1,1,1,1,3,R,8201,R,5560.0,R,2641.0,R,5971.0,R,4018.0,R,1953.0,R,1360.0,R,1008.0,R,352.0,R,1316.0,R,970.0,R,346.0,R,44.0,R,38.0,R,6.0,R,1215.0,R,89.0,R,237.0,R,17.0,R,580.0,R,670.0,R,610.0,R,720.0,R,24.0,R,31.0,R,24.0,R,31.0,R,23.0,R,33.0,,,,,,,,,,,,,,,,,,,,,,,,,,,,,,,,,,
185828,New Jersey Institute of Technology,2020,185828,1,5,1,1,1,1,5,1,3,R,10299,R,6889.0,R,3410.0,R,6800.0,R,4603.0,R,2197.0,C,1191.0,C,885.0,C,306.0,C,1130.0,C,837.0,R,293.0,R,61.0,R,48.0,C,13.0,R,1042.0,R,88.0,R,233.0,R,20.0,R,590.0,R,670.0,R,610.0,R,720.0,R,25.0,R,31.0,R,23.0,R,33.0,R,25.0,R,32.0,,,,,,,,,,,,,,,,,,,,,,,,,,,,,,,,,,
185828,New Jersey Institute of Technology,2021,185828,1,5,1,1,1,1,5,1,3,R,11578,R,7572.0,R,4006.0,R,8005.0,R,5000.0,R,3005.0,R,1374.0,R,974.0,R,400.0,R,1235.0,R,875.0,R,360.0,R,139.0,R,99.0,R,40.0,R,577.0,R,42.0,R,70.0,R,5.0,R,580.0,R,690.0,R,600.0,R,740.0,R,27.0,R,33.0,R,25.0,R,35.0,R,26.0,R,33.0,,,,,,,,,,,,,,,,,,,,,,,,,,,,,,,,,,
185828,New Jersey Institute of Technology,2022,185828,1,5,1,1,1,1,5,1,3,R,13010,R,8343.0,R,4667.0,R,8585.0,R,5159.0,R,3426.0,R,1575.0,R,1082.0,R,493.0,R,1465.0,R,1016.0,R,449.0,R,110.0,R,66.0,R,44.0,R,633.0,R,40.0,R,61.0,R,4.0,R,580.0,R,700.0,R,610.0,R,750.0,R,27.0,R,33.0,R,26.0,R,34.0,R,26.0,R,,3.0,3.0,3.0,A,,R,0.0,A,,R,0.0,A,,R,0.0,A,,R,0.0,A,,R,0.0,R,640.0,R,680.0,R,30.0,R,32.0,R,30.0,32.0
185828,New Jersey Institute of Technology,2023,185828,1,5,1,1,1,1,5,1,3,R,13993,R,8974.0,R,4994.0,R,9362.0,R,5689.0,R,3661.0,R,1762.0,R,1171.0,R,591.0,R,1635.0,R,1083.0,R,552.0,R,127.0,R,88.0,R,39.0,R,752.0,R,43.0,R,76.0,R,4.0,R,590.0,R,710.0,R,620.0,R,760.0,R,25.0,R,32.0,R,24.0,R,34.0,R,25.0,R,,3.0,3.0,3.0,A,,R,25.0,A,,R,12.0,A,,R,0.0,A,,R,0.0,A,,R,0.0,R,650.0,R,685.0,R,29.0,R,28.0,R,28.0,32.0
186131,Princeton University,2018,186131,2,2,1,2,1,2,1,1,3,R,35370,R,18201.0,R,17169.0,R,1940.0,R,960.0,R,980.0,R,1339.0,R,681.0,R,658.0,R,1339.0,R,681.0,R,658.0,A,,A,,A,,R,917.0,R,68.0,R,732.0,R,55.0,R,710.0,R,770.0,R,730.0,R,800.0,R,32.0,R,35.0,R,34.0,R,36.0,R,30.0,R,35.0,,,,,,,,,,,,,,,,,,,,,,,,,,,,,,,,,,
186131,Princeton University,2019,186131,2,2,1,2,1,2,1,1,3,R,32804,R,16720.0,R,16084.0,R,1895.0,R,907.0,R,988.0,R,1335.0,R,656.0,R,679.0,R,1335.0,R,656.0,R,679.0,A,,A,,A,,R,940.0,R,70.0,R,669.0,R,50.0,R,710.0,R,770.0,R,750.0,R,800.0,R,33.0,R,35.0,R,34.0,R,36.0,R,31.0,R,35.0,,,,,,,,,,,,,,,,,,,,,,,,,,,,,,,,,,
186131,Princeton University,2020,186131,2,2,1,2,1,2,1,1,3,R,32835,R,16782.0,R,16053.0,R,1848.0,R,907.0,R,941.0,R,1154.0,R,584.0,R,570.0,R,1154.0,R,584.0,R,570.0,A,,A,,A,,R,816.0,R,71.0,R,524.0,R,45.0,R,710.0,R,770.0,R,740.0,R,800.0,R,32.0,R,35.0,R,34.0,R,36.0,R,31.0,R,35.0,,,,,,,,,,,,,,,,,,,,,,,,,,,,,,,,,,
186131,Princeton University,2021,186131,2,2,1,2,1,2,5,1,3,R,37601,R,18737.0,R,18864.0,R,1647.0,R,781.0,R,866.0,R,1290.0,R,619.0,R,671.0,R,1290.0,R,619.0,R,671.0,A,,A,,A,,R,719.0,R,56.0,R,451.0,R,35.0,R,720.0,R,770.0,R,740.0,R,800.0,R,33.0,R,35.0,R,34.0,R,36.0,R,31.0,R,35.0,,,,,,,,,,,,,,,,,,,,,,,,,,,,,,,,,,
186131,Princeton University,2022,186131,5,5,1,5,1,5,5,1,3,R,38019,R,18422.0,R,19597.0,R,2167.0,R,1045.0,R,1122.0,R,1499.0,R,736.0,R,763.0,R,1499.0,R,736.0,R,763.0,A,,A,,A,,R,890.0,R,59.0,R,376.0,R,25.0,R,730.0,R,780.0,R,760.0,R,800.0,R,33.0,R,35.0,R,35.0,R,36.0,R,32.0,R,,5.0,1.0,5.0,A,,R,0.0,A,,R,0.0,A,,R,0.0,A,,R,0.0,A,,A,,R,760.0,R,780.0,R,35.0,R,35.0,R,34.0,35.0
186131,Princeton University,2023,186131,5,5,1,5,1,5,5,1,3,R,39644,R,19541.0,R,20103.0,R,1782.0,R,870.0,R,912.0,R,1366.0,R,670.0,R,696.0,R,1366.0,R,670.0,R,696.0,A,,A,,A,,R,774.0,R,57.0,R,278.0,R,20.0,R,740.0,R,780.0,R,760.0,R,800.0,R,34.0,R,35.0,R,35.0,R,36.0,R,32.0,R,,5.0,1.0,5.0,A,,R,0.0,A,,R,0.0,A,,R,0.0,A,,R,0.0,A,,A,,R,760.0,R,780.0,R,34.0,R,35.0,R,34.0,35.0
186186,Rabbinical College of America,2018,186186,3,3,2,1,1,3,3,3,3,R,71,R,71.0,R,0.0,R,62.0,R,62.0,A,,R,54.0,R,54.0,A,,R,54.0,R,54.0,A,,A,,A,,A,,A,,A,,A,,A,,A,,A,,A,,A,,A,,A,,A,,A,,A,,A,,,,,,,,,,,,,,,,,,,,,,,,,,,,,,,,,,,
186186,Rabbinical College of America,2019,186186,3,3,2,1,1,3,3,3,3,R,65,R,65.0,Z,0.0,R,56.0,R,56.0,A,,R,46.0,R,46.0,A,,R,46.0,R,46.0,A,,A,,A,,A,,A,,A,,A,,A,,A,,A,,A,,A,,A,,A,,A,,A,,A,,A,,,,,,,,,,,,,,,,,,,,,,,,,,,,,,,,,,,
186186,Rabbinical College of America,2020,186186,3,3,2,1,1,3,3,3,3,R,79,R,79.0,Z,0.0,R,66.0,R,66.0,A,,R,63.0,R,63.0,A,,R,63.0,R,63.0,A,,A,,A,,A,,A,,A,,A,,A,,A,,A,,A,,A,,A,,A,,A,,A,,A,,A,,,,,,,,,,,,,,,,,,,,,,,,,,,,,,,,,,,
186186,Rabbinical College of America,2021,186186,3,3,2,1,1,3,3,3,3,R,83,R,83.0,Z,0.0,R,72.0,R,72.0,A,,R,58.0,R,58.0,A,,R,58.0,R,58.0,A,,A,,A,,A,,A,,A,,A,,A,,A,,A,,A,,A,,A,,A,,A,,A,,A,,A,,,,,,,,,,,,,,,,,,,,,,,,,,,,,,,,,,,
186186,Rabbinical College of America,2022,186186,5,3,5,1,1,5,3,3,3,R,75,R,75.0,Z,0.0,R,71.0,R,71.0,A,,R,60.0,R,60.0,A,,R,60.0,R,60.0,A,,A,,A,,A,,A,,A,,A,,A,,A,,A,,A,,A,,A,,A,,A,,A,,A,,A,,3.0,5.0,5.0,A,,R,0.0,A,,R,0.0,A,,R,0.0,A,,R,0.0,A,,A,,A,,A,,A,,A,,A,,
186186,Rabbinical College of America,2023,186186,5,3,5,1,1,5,3,3,3,R,70,R,70.0,Z,0.0,R,61.0,R,61.0,A,,R,53.0,R,53.0,A,,R,53.0,R,53.0,A,,A,,A,,A,,A,,A,,A,,A,,A,,A,,A,,A,,A,,A,,A,,A,,A,,A,,3.0,5.0,5.0,A,,R,0.0,A,,R,0.0,A,,R,0.0,A,,R,0.0,A,,A,,A,,A,,A,,A,,A,,
186201,Ramapo College of New Jersey,2018,186201,1,5,1,1,1,3,1,1,3,R,6945,R,2756.0,R,4189.0,R,4368.0,R,1814.0,R,2554.0,R,946.0,R,397.0,R,549.0,R,944.0,R,397.0,R,547.0,R,2.0,R,0.0,R,2.0,R,856.0,R,91.0,R,182.0,R,19.0,R,530.0,R,620.0,R,520.0,R,620.0,R,21.0,R,26.0,R,21.0,R,27.0,R,19.0,R,26.0,,,,,,,,,,,,,,,,,,,,,,,,,,,,,,,,,,
186201,Ramapo College of New Jersey,2019,186201,1,5,1,1,1,3,1,1,3,R,7331,R,2768.0,R,4563.0,R,4808.0,R,1876.0,R,2932.0,R,1030.0,R,409.0,R,621.0,R,1029.0,R,409.0,R,620.0,R,1.0,R,0.0,R,1.0,R,940.0,R,91.0,R,191.0,R,19.0,R,520.0,R,620.0,R,510.0,R,610.0,R,20.0,R,27.0,R,20.0,R,27.0,R,19.0,R,26.0,,,,,,,,,,,,,,,,,,,,,,,,,,,,,,,,,,
186201,Ramapo College of New Jersey,2020,186201,1,5,1,1,1,3,1,1,3,R,7980,R,3017.0,R,4963.0,R,5334.0,R,2086.0,R,3248.0,R,997.0,R,414.0,R,583.0,R,995.0,R,414.0,R,581.0,R,2.0,R,0.0,R,2.0,R,895.0,R,90.0,R,179.0,R,18.0,R,520.0,R,610.0,R,520.0,R,610.0,R,21.0,R,27.0,R,20.0,R,28.0,R,18.0,R,26.0,,,,,,,,,,,,,,,,,,,,,,,,,,,,,,,,,,
186201,Ramapo College of New Jersey,2021,186201,1,5,1,1,1,3,5,1,3,R,6930,R,2674.0,R,4256.0,R,4858.0,R,1826.0,R,3032.0,R,900.0,R,353.0,R,547.0,R,893.0,R,348.0,R,545.0,R,7.0,R,5.0,R,2.0,R,281.0,R,31.0,R,39.0,R,4.0,R,550.0,R,640.0,R,550.0,R,640.0,R,23.0,R,29.0,R,22.0,R,32.0,R,22.0,R,29.0,,,,,,,,,,,,,,,,,,,,,,,,,,,,,,,,,,
186201,Ramapo College of New Jersey,2022,186201,1,5,1,1,1,3,5,1,3,R,7207,R,2835.0,R,4372.0,R,5079.0,R,1988.0,R,3091.0,R,850.0,R,334.0,R,516.0,R,846.0,R,333.0,R,513.0,R,4.0,R,1.0,R,3.0,R,257.0,R,30.0,R,30.0,R,4.0,R,560.0,R,650.0,R,540.0,R,645.0,R,23.0,R,32.0,R,23.0,R,31.0,R,21.0,R,,3.0,5.0,3.0,A,,R,0.0,A,,R,0.0,A,,R,0.0,A,,R,0.0,A,,R,0.0,R,610.0,R,600.0,R,26.0,R,27.0,R,26.0,30.0
186201,Ramapo College of New Jersey,2023,186201,1,5,1,1,1,3,5,1,3,R,7553,R,3007.0,R,4546.0,R,5530.0,R,2168.0,R,3362.0,R,1012.0,R,422.0,R,590.0,R,1007.0,R,418.0,R,589.0,R,5.0,R,4.0,R,1.0,R,54.0,R,5.0,R,20.0,R,2.0,R,560.0,R,640.0,R,560.0,R,630.0,R,21.0,R,26.0,R,20.0,R,27.0,R,18.0,R,,3.0,5.0,3.0,A,,R,0.0,A,,R,0.0,A,,R,0.0,A,,R,0.0,A,,R,0.0,R,610.0,R,580.0,R,24.0,R,24.0,R,21.0,27.0
186283,Rider University,2018,186283,1,5,1,1,1,1,5,2,3,R,9429,R,3693.0,R,5736.0,R,6569.0,R,2570.0,R,3999.0,R,921.0,R,386.0,R,535.0,R,918.0,R,385.0,R,533.0,R,3.0,R,1.0,R,2.0,R,848.0,R,92.0,R,150.0,R,16.0,R,500.0,R,600.0,R,500.0,R,590.0,R,20.0,R,25.0,R,20.0,R,25.0,R,18.0,R,24.0,,,,,,,,,,,,,,,,,,,,,,,,,,,,,,,,,,
186283,Rider University,2019,186283,1,3,1,1,5,3,5,3,3,R,9388,R,3618.0,R,5770.0,R,6710.0,R,2589.0,R,4121.0,R,861.0,R,383.0,R,478.0,R,856.0,R,380.0,R,476.0,R,5.0,R,3.0,R,2.0,R,484.0,R,56.0,R,77.0,R,9.0,R,510.0,R,610.0,R,510.0,R,600.0,R,19.0,R,26.0,R,19.0,R,26.0,R,19.0,R,26.0,,,,,,,,,,,,,,,,,,,,,,,,,,,,,,,,,,
186283,Rider University,2020,186283,1,3,1,1,1,3,5,3,3,R,9250,R,3568.0,R,5682.0,R,6999.0,R,2681.0,R,4318.0,R,835.0,R,341.0,R,494.0,R,833.0,R,341.0,R,492.0,R,2.0,R,0.0,R,2.0,R,414.0,R,50.0,R,60.0,R,7.0,R,510.0,R,620.0,R,510.0,R,600.0,R,20.0,R,26.0,R,20.0,R,25.0,R,18.0,R,26.0,,,,,,,,,,,,,,,,,,,,,,,,,,,,,,,,,,
186283,Rider University,2021,186283,1,3,1,1,1,3,5,3,3,R,8791,R,3376.0,R,5415.0,R,7204.0,R,2775.0,R,4429.0,R,638.0,R,256.0,R,382.0,R,636.0,R,254.0,R,382.0,R,2.0,R,2.0,R,0.0,R,129.0,R,20.0,R,26.0,R,4.0,R,530.0,R,640.0,R,520.0,R,630.0,R,28.0,R,31.0,R,25.0,R,34.0,R,23.0,R,29.0,,,,,,,,,,,,,,,,,,,,,,,,,,,,,,,,,,
186283,Rider University,2022,186283,1,3,1,1,1,3,5,3,3,R,9340,R,3654.0,R,5686.0,R,7858.0,R,3076.0,R,4782.0,R,779.0,R,354.0,R,425.0,R,779.0,R,354.0,R,425.0,R,0.0,R,0.0,R,0.0,R,131.0,R,17.0,R,14.0,R,2.0,R,560.0,R,650.0,R,540.0,R,650.0,R,21.0,R,29.0,R,21.0,R,29.0,R,20.0,R,,3.0,1.0,3.0,A,,R,0.0,A,,R,0.0,A,,R,0.0,A,,R,0.0,A,,R,0.0,R,620.0,R,590.0,R,26.0,R,26.0,R,25.0,28.0
186283,Rider University,2023,186283,1,3,1,1,1,3,5,3,3,R,9069,R,3640.0,R,5427.0,R,7201.0,R,2912.0,R,4288.0,R,806.0,R,347.0,R,459.0,R,804.0,R,347.0,R,457.0,R,2.0,R,0.0,R,2.0,R,145.0,R,18.0,R,18.0,R,2.0,R,560.0,R,660.0,R,540.0,R,650.0,R,22.0,R,29.0,R,23.0,R,32.0,R,18.0,R,,3.0,1.0,3.0,S,,S,,S,,S,,S,,S,,S,,S,,S,,S,,R,620.0,R,590.0,R,27.0,R,26.0,R,23.0,28.0
186371,Rutgers University-Camden,2018,186371,1,5,1,1,3,3,1,1,3,R,9479,R,3849.0,R,5630.0,R,6766.0,R,2731.0,R,4035.0,R,821.0,R,299.0,R,522.0,R,817.0,R,298.0,R,519.0,R,4.0,R,1.0,R,3.0,R,776.0,R,95.0,R,89.0,R,11.0,R,500.0,R,590.0,R,500.0,R,590.0,R,17.0,R,23.0,R,16.0,R,25.0,R,17.0,R,23.0,,,,,,,,,,,,,,,,,,,,,,,,,,,,,,,,,,
186371,Rutgers University-Camden,2019,186371,1,5,1,1,3,3,1,1,3,R,10451,R,4449.0,R,6002.0,R,8277.0,R,3559.0,R,4718.0,R,749.0,R,288.0,R,461.0,R,746.0,R,287.0,R,459.0,R,3.0,R,1.0,R,2.0,R,709.0,R,95.0,R,86.0,R,11.0,R,490.0,R,590.0,R,490.0,R,580.0,R,18.0,R,22.0,R,15.0,R,23.0,R,16.0,R,23.0,,,,,,,,,,,,,,,,,,,,,,,,,,,,,,,,,,
186371,Rutgers University-Camden,2020,186371,1,5,1,1,3,3,5,1,3,R,9879,R,4006.0,R,5873.0,R,7536.0,R,3064.0,R,4472.0,R,600.0,R,224.0,R,376.0,R,596.0,R,223.0,R,373.0,R,4.0,R,1.0,R,3.0,R,549.0,R,92.0,R,60.0,R,10.0,R,490.0,R,590.0,R,490.0,R,580.0,R,17.0,R,24.0,R,16.0,R,24.0,R,16.0,R,25.0,,,,,,,,,,,,,,,,,,,,,,,,,,,,,,,,,,
186371,Rutgers University-Camden,2021,186371,1,5,1,1,3,3,5,1,3,R,11156,R,4631.0,R,6525.0,R,8780.0,R,3630.0,R,5150.0,R,604.0,R,255.0,R,349.0,R,597.0,R,252.0,R,345.0,R,7.0,R,3.0,R,4.0,R,194.0,R,32.0,R,17.0,R,3.0,R,520.0,R,610.0,R,520.0,R,620.0,R,17.0,R,25.0,R,18.0,R,27.0,R,17.0,R,25.0,,,,,,,,,,,,,,,,,,,,,,,,,,,,,,,,,,
186371,Rutgers University-Camden,2022,186371,1,5,1,1,3,3,5,1,3,R,11145,R,4843.0,R,6302.0,R,8528.0,R,3629.0,R,4899.0,R,528.0,R,239.0,R,289.0,R,524.0,R,237.0,R,287.0,R,4.0,R,2.0,R,2.0,R,178.0,R,34.0,R,9.0,R,2.0,R,520.0,R,640.0,R,510.0,R,640.0,R,25.0,R,30.0,R,23.0,R,33.0,R,23.0,R,,3.0,1.0,3.0,R,0.0,R,0.0,A,,R,0.0,A,,R,0.0,A,,R,0.0,A,,R,0.0,R,580.0,R,580.0,R,28.0,R,26.0,R,26.0,28.0
186371,Rutgers University-Camden,2023,186371,1,5,1,1,3,3,5,1,3,R,11951,R,5158.0,R,6793.0,R,9292.0,R,4019.0,R,5273.0,R,580.0,R,252.0,R,328.0,R,575.0,R,252.0,R,323.0,R,5.0,R,0.0,R,5.0,R,155.0,R,27.0,R,12.0,R,2.0,R,510.0,R,625.0,R,500.0,R,630.0,R,18.0,R,26.0,R,16.0,R,27.0,R,16.0,R,,3.0,1.0,3.0,R,0.0,R,0.0,A,,R,0.0,A,,R,0.0,A,,R,0.0,A,,R,0.0,R,560.0,R,560.0,R,21.0,R,21.0,R,18.0,26.0
186380,Rutgers University-New Brunswick,2018,186380,1,5,1,1,3,3,1,1,3,R,41348,R,19106.0,R,22242.0,R,24854.0,R,11557.0,R,13297.0,R,7036.0,R,3467.0,R,3569.0,R,7028.0,R,3464.0,R,3564.0,R,8.0,R,3.0,R,5.0,R,6089.0,R,87.0,R,1769.0,R,25.0,R,590.0,R,680.0,R,600.0,R,730.0,R,25.0,R,31.0,R,24.0,R,34.0,R,25.0,R,32.0,,,,,,,,,,,,,,,,,,,,,,,,,,,,,,,,,,
186380,Rutgers University-New Brunswick,2019,186380,1,5,1,1,3,3,1,1,3,R,41286,R,19317.0,R,21969.0,R,25277.0,R,12059.0,R,13218.0,R,7315.0,R,3766.0,R,3549.0,R,7311.0,R,3763.0,R,3548.0,R,4.0,R,3.0,R,1.0,R,6585.0,R,90.0,R,1303.0,R,18.0,R,590.0,R,680.0,R,620.0,R,750.0,R,25.0,R,32.0,R,24.0,R,34.0,R,26.0,R,32.0,,,,,,,,,,,,,,,,,,,,,,,,,,,,,,,,,,
186380,Rutgers University-New Brunswick,2020,186380,1,5,1,1,3,3,5,1,3,R,41263,R,19317.0,R,21946.0,R,27618.0,R,13170.0,R,14448.0,R,6551.0,R,3265.0,R,3286.0,R,6542.0,R,3262.0,R,3280.0,R,9.0,R,3.0,R,6.0,R,5881.0,R,90.0,R,1156.0,R,18.0,R,580.0,R,680.0,R,600.0,R,730.0,R,25.0,R,32.0,R,25.0,R,34.0,R,25.0,R,31.0,,,,,,,,,,,,,,,,,,,,,,,,,,,,,,,,,,
186380,Rutgers University-New Brunswick,2021,186380,1,5,1,1,3,3,5,1,3,R,43161,R,19809.0,R,23352.0,R,29419.0,R,13321.0,R,16098.0,R,7105.0,R,3488.0,R,3617.0,R,7095.0,R,3481.0,R,3614.0,R,10.0,R,7.0,R,3.0,R,3198.0,R,45.0,R,502.0,R,7.0,R,610.0,R,710.0,R,630.0,R,760.0,R,27.0,R,33.0,R,26.0,R,35.0,R,26.0,R,33.0,,,,,,,,,,,,,,,,,,,,,,,,,,,,,,,,,,
186380,Rutgers University-New Brunswick,2022,186380,1,5,1,1,3,3,5,1,3,R,41654,R,19448.0,R,22206.0,R,27612.0,R,12593.0,R,15019.0,R,7780.0,R,3830.0,R,3950.0,R,7769.0,R,3824.0,R,3945.0,R,11.0,R,6.0,R,5.0,R,3906.0,R,50.0,R,450.0,R,6.0,R,630.0,R,720.0,R,640.0,R,760.0,R,28.0,R,33.0,R,27.0,R,35.0,R,26.0,R,,5.0,1.0,3.0,R,0.0,R,0.0,A,,R,0.0,A,,R,0.0,A,,R,0.0,A,,R,0.0,R,670.0,R,700.0,R,31.0,R,32.0,R,29.0,32.0
186380,Rutgers University-New Brunswick,2023,186380,1,5,1,1,3,3,5,1,3,R,43347,R,20326.0,R,23021.0,R,28326.0,R,13052.0,R,15274.0,R,7681.0,R,3711.0,R,3970.0,R,7670.0,R,3709.0,R,3961.0,R,11.0,R,2.0,R,9.0,R,3908.0,R,51.0,R,414.0,R,5.0,R,630.0,R,720.0,R,640.0,R,760.0,R,28.0,R,33.0,R,27.0,R,34.0,R,26.0,R,,5.0,1.0,3.0,Z,0.0,R,0.0,A,,R,0.0,A,,R,0.0,A,,R,0.0,A,,R,0.0,R,680.0,R,700.0,R,31.0,R,31.0,R,29.0,33.0
186399,Rutgers University-Newark,2018,186399,1,5,1,1,3,3,1,1,3,R,13259,R,5938.0,R,7321.0,R,8319.0,R,3566.0,R,4753.0,R,1326.0,R,620.0,R,706.0,R,1318.0,R,614.0,R,704.0,R,8.0,R,6.0,R,2.0,R,1266.0,R,95.0,R,126.0,R,10.0,R,510.0,R,590.0,R,510.0,R,600.0,R,19.0,R,24.0,R,18.0,R,24.0,R,18.0,R,25.0,,,,,,,,,,,,,,,,,,,,,,,,,,,,,,,,,,
186399,Rutgers University-Newark,2019,186399,1,5,1,1,3,3,1,1,3,R,13732,R,6097.0,R,7635.0,R,9873.0,R,4284.0,R,5589.0,R,1402.0,R,622.0,R,780.0,R,1398.0,R,619.0,R,779.0,R,4.0,R,3.0,R,1.0,R,1333.0,R,95.0,R,124.0,R,9.0,R,500.0,R,590.0,R,520.0,R,610.0,R,19.0,R,25.0,R,19.0,R,25.0,R,18.0,R,24.0,,,,,,,,,,,,,,,,,,,,,,,,,,,,,,,,,,
186399,Rutgers University-Newark,2020,186399,1,5,1,1,3,3,5,1,3,R,13506,R,5991.0,R,7515.0,R,10007.0,R,4306.0,R,5701.0,R,1321.0,R,613.0,R,708.0,R,1314.0,R,608.0,R,706.0,R,7.0,R,5.0,R,2.0,R,1241.0,R,94.0,R,123.0,R,9.0,R,500.0,R,580.0,R,510.0,R,590.0,R,18.0,R,23.0,R,17.0,R,23.0,R,17.0,R,24.0,,,,,,,,,,,,,,,,,,,,,,,,,,,,,,,,,,
186399,Rutgers University-Newark,2021,186399,1,5,1,1,3,3,5,1,3,R,14456,R,6502.0,R,7954.0,R,11194.0,R,4853.0,R,6341.0,R,1300.0,R,638.0,R,662.0,R,1295.0,R,634.0,R,661.0,R,5.0,R,4.0,R,1.0,R,308.0,R,24.0,R,27.0,R,2.0,R,510.0,R,620.0,R,520.0,R,650.0,R,21.0,R,28.0,R,21.0,R,29.0,R,21.0,R,27.0,,,,,,,,,,,,,,,,,,,,,,,,,,,,,,,,,,
186399,Rutgers University-Newark,2022,186399,1,5,1,1,3,3,3,1,3,R,14935,R,6755.0,R,8180.0,R,11043.0,R,4734.0,R,6309.0,R,1239.0,R,586.0,R,653.0,R,1232.0,R,583.0,R,649.0,R,7.0,R,3.0,R,4.0,A,,A,,A,,A,,A,,A,,A,,A,,A,,A,,A,,A,,A,,A,,5.0,1.0,3.0,R,0.0,R,0.0,A,,R,0.0,A,,R,0.0,A,,R,0.0,A,,R,0.0,A,,A,,A,,A,,A,,
186399,Rutgers University-Newark,2023,186399,1,5,1,1,3,3,3,1,3,R,17779,R,8049.0,R,9730.0,R,13997.0,R,6215.0,R,7782.0,R,1408.0,R,695.0,R,713.0,R,1403.0,R,693.0,R,710.0,R,5.0,R,2.0,R,3.0,A,,A,,A,,A,,A,,A,,A,,A,,A,,A,,A,,A,,A,,A,,5.0,1.0,3.0,Z,0.0,R,0.0,A,,R,0.0,A,,R,0.0,A,,R,0.0,A,,R,0.0,A,,A,,A,,A,,A,,
186432,Saint Peter's University,2018,186432,1,2,1,2,1,3,5,5,3,R,4041,R,1564.0,R,2477.0,R,3000.0,R,1117.0,R,1883.0,R,563.0,R,220.0,R,343.0,R,563.0,R,220.0,R,343.0,R,0.0,R,0.0,R,0.0,R,477.0,R,85.0,R,43.0,R,8.0,R,470.0,R,560.0,R,470.0,R,560.0,P,17.0,P,23.0,A,,A,,A,,A,,,,,,,,,,,,,,,,,,,,,,,,,,,,,,,,,,,
186432,Saint Peter's University,2019,186432,1,2,1,2,1,3,5,5,3,R,4323,R,1669.0,R,2654.0,R,3500.0,R,1298.0,R,2202.0,R,432.0,R,185.0,R,247.0,R,429.0,R,185.0,R,244.0,R,3.0,R,0.0,R,3.0,R,367.0,R,86.0,R,34.0,R,8.0,R,470.0,R,550.0,R,460.0,R,550.0,R,17.0,R,23.0,A,,A,,A,,A,,,,,,,,,,,,,,,,,,,,,,,,,,,,,,,,,,,
186432,Saint Peter's University,2020,186432,1,2,1,2,1,3,5,5,3,R,4154,R,2511.0,R,1643.0,R,3516.0,R,2207.0,R,1309.0,R,424.0,R,191.0,R,233.0,R,423.0,R,191.0,R,232.0,R,1.0,R,0.0,R,1.0,A,,A,,A,,A,,A,,A,,A,,A,,A,,A,,A,,A,,A,,A,,,,,,,,,,,,,,,,,,,,,,,,,,,,,,,,,,,
186432,Saint Peter's University,2021,186432,1,5,1,5,1,3,5,1,5,R,2627,R,1059.0,R,1568.0,R,2439.0,R,960.0,R,1479.0,R,402.0,R,150.0,R,252.0,R,400.0,R,150.0,R,250.0,R,2.0,R,0.0,R,2.0,R,92.0,R,23.0,R,14.0,R,3.0,R,490.0,R,580.0,R,480.0,R,570.0,R,17.0,R,28.0,R,17.0,R,28.0,R,16.0,R,26.0,,,,,,,,,,,,,,,,,,,,,,,,,,,,,,,,,,
186432,Saint Peter's University,2022,186432,1,5,1,5,1,3,5,1,5,R,2999,R,1276.0,R,1723.0,R,2664.0,R,1107.0,R,1557.0,R,393.0,R,171.0,R,222.0,R,391.0,R,171.0,R,220.0,R,2.0,R,0.0,R,2.0,R,3.0,R,1.0,R,0.0,Z,0.0,A,,A,,A,,A,,A,,A,,A,,A,,A,,A,,3.0,1.0,5.0,A,,R,0.0,A,,R,0.0,A,,R,0.0,A,,R,0.0,A,,R,0.0,A,,A,,A,,A,,A,,
186432,Saint Peter's University,2023,186432,1,5,1,5,1,3,3,1,5,R,4381,R,2018.0,R,2363.0,R,3966.0,R,1790.0,R,2176.0,R,454.0,R,206.0,R,248.0,R,451.0,R,206.0,R,245.0,R,3.0,R,0.0,R,3.0,A,,A,,A,,A,,A,,A,,A,,A,,A,,A,,A,,A,,A,,A,,3.0,1.0,5.0,A,,R,0.0,A,,R,0.0,A,,R,0.0,A,,R,0.0,A,,R,0.0,A,,A,,A,,A,,A,,
186584,Seton Hall University,2018,186584,1,2,1,1,1,3,1,1,3,R,19260,R,8447.0,R,10813.0,R,13552.0,R,6236.0,R,7316.0,R,1525.0,R,748.0,R,777.0,R,1524.0,R,748.0,R,776.0,R,1.0,R,0.0,R,1.0,R,1329.0,R,87.0,R,377.0,R,25.0,R,580.0,R,650.0,R,570.0,R,660.0,R,24.0,R,28.0,R,23.0,R,29.0,R,22.0,R,27.0,,,,,,,,,,,,,,,,,,,,,,,,,,,,,,,,,,
186584,Seton Hall University,2019,186584,1,2,1,1,1,3,1,1,3,R,19757,R,8336.0,R,11421.0,R,14548.0,R,6437.0,R,8111.0,R,1631.0,R,776.0,R,855.0,R,1630.0,R,775.0,R,855.0,R,1.0,R,1.0,R,0.0,R,1424.0,R,87.0,R,375.0,R,23.0,R,580.0,R,660.0,R,570.0,R,670.0,R,24.0,R,29.0,R,23.0,R,31.0,R,22.0,R,28.0,,,,,,,,,,,,,,,,,,,,,,,,,,,,,,,,,,
186584,Seton Hall University,2020,186584,1,2,1,1,1,3,1,1,3,R,20830,R,8915.0,R,11915.0,R,16295.0,R,7148.0,R,9147.0,R,1336.0,R,662.0,R,674.0,R,1334.0,R,661.0,R,673.0,R,2.0,R,1.0,R,1.0,R,1114.0,R,83.0,R,278.0,R,21.0,R,580.0,R,650.0,R,570.0,R,660.0,R,25.0,R,30.0,R,24.0,R,32.0,R,23.0,R,28.0,,,,,,,,,,,,,,,,,,,,,,,,,,,,,,,,,,
186584,Seton Hall University,2021,186584,1,2,1,1,1,3,5,1,3,R,23417,R,9949.0,R,13468.0,R,17940.0,R,7504.0,R,10436.0,R,1688.0,R,696.0,R,992.0,R,1685.0,R,695.0,R,990.0,R,3.0,R,1.0,R,2.0,R,294.0,R,17.0,R,78.0,R,5.0,R,600.0,R,680.0,R,600.0,R,690.0,R,26.0,R,32.0,R,26.0,R,34.0,R,25.0,R,30.0,,,,,,,,,,,,,,,,,,,,,,,,,,,,,,,,,,
186584,Seton Hall University,2022,186584,1,5,1,1,1,3,5,1,3,R,25731,R,11116.0,R,14615.0,R,19315.0,R,8175.0,R,11140.0,R,1512.0,R,690.0,R,822.0,R,1511.0,R,689.0,R,822.0,R,1.0,R,1.0,Z,0.0,R,363.0,R,24.0,R,82.0,R,5.0,R,620.0,R,700.0,R,610.0,R,690.0,R,28.0,R,31.0,R,27.0,R,34.0,R,25.0,R,,3.0,5.0,5.0,A,,R,0.0,A,,R,0.0,A,,R,0.0,A,,R,0.0,A,,R,0.0,R,660.0,R,650.0,R,29.0,R,30.0,R,27.0,30.0
186584,Seton Hall University,2023,186584,1,5,1,1,1,3,5,1,3,R,23748,R,10399.0,R,13349.0,R,18738.0,R,8106.0,R,10632.0,R,1572.0,R,687.0,R,885.0,R,1569.0,R,685.0,R,884.0,R,3.0,R,2.0,R,1.0,R,373.0,R,24.0,R,67.0,R,4.0,R,620.0,R,700.0,R,600.0,R,700.0,R,27.0,R,31.0,R,27.0,R,34.0,R,26.0,R,,3.0,5.0,5.0,A,,R,0.0,A,,R,0.0,A,,R,0.0,A,,R,0.0,A,,R,0.0,R,650.0,R,650.0,R,29.0,R,31.0,R,27.0,30.0
186618,Saint Elizabeth University,2018,186618,1,5,1,2,2,3,3,5,3,R,1920,R,607.0,R,1313.0,R,1393.0,R,406.0,R,987.0,R,182.0,R,52.0,R,130.0,R,182.0,R,52.0,R,130.0,A,,A,,A,,A,,A,,A,,A,,A,,A,,A,,A,,A,,A,,A,,A,,A,,A,,,,,,,,,,,,,,,,,,,,,,,,,,,,,,,,,,,
186618,Saint Elizabeth University,2019,186618,1,2,1,1,2,3,5,1,3,R,1688,R,688.0,R,992.0,R,1245.0,R,464.0,R,774.0,R,169.0,R,80.0,R,89.0,R,169.0,R,80.0,R,89.0,A,,A,,A,,R,48.0,R,28.0,R,9.0,R,5.0,R,440.0,R,538.0,R,450.0,R,558.0,R,16.0,R,19.0,A,,A,,A,,A,,,,,,,,,,,,,,,,,,,,,,,,,,,,,,,,,,,
186618,Saint Elizabeth University,2020,186618,1,2,1,1,2,3,5,1,3,R,1515,R,565.0,R,950.0,R,1142.0,R,380.0,R,762.0,R,142.0,R,55.0,R,87.0,R,142.0,R,55.0,R,87.0,R,0.0,R,0.0,R,0.0,A,,A,,A,,A,,A,,A,,A,,A,,A,,A,,A,,A,,A,,A,,,,,,,,,,,,,,,,,,,,,,,,,,,,,,,,,,,
186618,Saint Elizabeth University,2021,186618,1,2,1,1,1,3,5,1,3,R,1266,R,502.0,R,762.0,R,933.0,R,335.0,R,597.0,R,107.0,R,50.0,R,57.0,R,107.0,R,50.0,R,57.0,R,0.0,R,0.0,R,0.0,A,,A,,A,,A,,A,,A,,A,,A,,A,,A,,A,,A,,A,,A,,,,,,,,,,,,,,,,,,,,,,,,,,,,,,,,,,,
186618,Saint Elizabeth University,2022,186618,1,5,1,1,1,3,5,1,3,R,1966,R,761.0,R,1203.0,R,1414.0,R,485.0,R,928.0,R,164.0,R,74.0,R,90.0,R,164.0,R,74.0,R,90.0,R,0.0,R,0.0,R,0.0,A,,A,,A,,A,,A,,A,,A,,A,,A,,A,,A,,A,,A,,A,,5.0,1.0,3.0,R,2.0,R,0.0,R,1.0,R,0.0,R,0.0,R,0.0,A,,R,0.0,A,,R,0.0,A,,A,,A,,A,,A,,
186618,Saint Elizabeth University,2023,186618,1,5,1,1,5,3,5,1,3,R,1777,R,700.0,R,1077.0,R,1372.0,R,504.0,R,868.0,R,136.0,R,53.0,R,83.0,R,136.0,R,53.0,R,83.0,R,0.0,R,0.0,R,0.0,R,0.0,R,0.0,R,0.0,R,0.0,A,,A,,A,,A,,A,,A,,A,,A,,A,,A,,5.0,1.0,3.0,R,0.0,R,0.0,A,,R,0.0,A,,R,0.0,A,,R,0.0,A,,R,0.0,A,,A,,A,,A,,A,,
186867,Stevens Institute of Technology,2018,186867,1,3,1,1,1,2,5,1,3,R,9265,R,6516.0,R,2749.0,R,3838.0,R,2557.0,R,1281.0,R,1009.0,R,726.0,R,283.0,R,1009.0,R,726.0,R,283.0,A,,A,,A,,R,693.0,R,69.0,R,296.0,R,29.0,R,640.0,R,710.0,R,690.0,R,770.0,R,30.0,R,33.0,R,30.0,R,35.0,R,28.0,R,34.0,,,,,,,,,,,,,,,,,,,,,,,,,,,,,,,,,,
186867,Stevens Institute of Technology,2019,186867,1,3,1,1,1,2,5,1,3,R,10475,R,7247.0,R,3228.0,R,4186.0,R,2765.0,R,1421.0,R,969.0,R,688.0,R,281.0,R,969.0,R,688.0,R,281.0,A,,A,,A,,R,735.0,R,76.0,R,195.0,R,20.0,R,640.0,R,720.0,R,700.0,R,780.0,R,31.0,R,34.0,R,30.0,R,35.0,R,29.0,R,34.0,,,,,,,,,,,,,,,,,,,,,,,,,,,,,,,,,,
186867,Stevens Institute of Technology,2020,186867,1,3,1,1,1,2,5,1,3,R,10346,R,7069.0,R,3277.0,R,5490.0,R,3650.0,R,1840.0,R,918.0,R,642.0,R,276.0,R,918.0,R,642.0,R,276.0,A,,A,,A,,R,674.0,R,73.0,R,208.0,R,23.0,R,640.0,R,710.0,R,680.0,R,770.0,R,31.0,R,34.0,R,30.0,R,35.0,R,29.0,R,34.0,,,,,,,,,,,,,,,,,,,,,,,,,,,,,,,,,,
186867,Stevens Institute of Technology,2021,186867,1,3,1,1,1,2,5,1,3,R,11320,R,7437.0,R,3883.0,R,5965.0,R,3679.0,R,2286.0,R,1091.0,R,726.0,R,365.0,R,1091.0,R,726.0,R,365.0,R,0.0,R,0.0,R,0.0,R,413.0,R,38.0,R,124.0,R,11.0,R,670.0,R,730.0,R,700.0,R,780.0,R,31.0,R,34.0,R,29.0,R,35.0,R,29.0,R,34.0,,,,,,,,,,,,,,,,,,,,,,,,,,,,,,,,,,
186867,Stevens Institute of Technology,2022,186867,1,3,1,1,1,5,5,1,3,R,12500,R,8185.0,R,4315.0,R,5778.0,R,3419.0,R,2359.0,R,1010.0,R,633.0,R,377.0,R,1010.0,R,633.0,R,377.0,A,,A,,A,,R,461.0,R,46.0,R,82.0,R,8.0,R,670.0,R,730.0,R,710.0,R,780.0,R,31.0,R,34.0,R,30.0,R,35.0,R,29.0,R,,5.0,1.0,3.0,A,,R,0.0,A,,R,0.0,A,,R,0.0,A,,R,0.0,A,,A,,R,700.0,R,750.0,R,33.0,R,34.0,R,32.0,34.0
186867,Stevens Institute of Technology,2023,186867,1,3,1,1,1,5,5,1,3,R,14170,R,9115.0,R,5055.0,R,6156.0,R,3684.0,R,2472.0,R,1024.0,R,671.0,R,353.0,R,1024.0,R,671.0,R,353.0,A,,A,,A,,R,411.0,R,40.0,R,86.0,R,8.0,R,670.0,R,730.0,R,700.0,R,770.0,R,31.0,R,34.0,R,31.0,R,35.0,R,29.0,R,,5.0,1.0,3.0,A,,R,0.0,A,,R,0.0,A,,R,0.0,A,,R,0.0,A,,A,,R,700.0,R,740.0,R,33.0,R,34.0,R,31.0,34.0
186876,Stockton University,2018,186876,1,1,1,2,1,3,1,1,3,R,6084,R,2333.0,R,3751.0,R,5133.0,R,1911.0,R,3222.0,R,1595.0,R,649.0,R,946.0,R,1594.0,R,649.0,R,945.0,R,1.0,R,0.0,R,1.0,R,1512.0,R,95.0,R,244.0,R,15.0,R,500.0,R,600.0,R,500.0,R,590.0,R,18.0,R,25.0,R,17.0,R,25.0,R,17.0,R,24.0,,,,,,,,,,,,,,,,,,,,,,,,,,,,,,,,,,
186876,Stockton University,2019,186876,1,5,1,2,1,2,5,1,3,R,6914,R,2564.0,R,4350.0,R,5277.0,R,1844.0,R,3433.0,R,1537.0,R,584.0,R,953.0,R,1535.0,R,583.0,R,952.0,R,2.0,R,1.0,R,1.0,R,1208.0,R,79.0,R,153.0,R,10.0,R,510.0,R,610.0,R,510.0,R,600.0,R,20.0,R,26.0,R,20.0,R,26.0,R,18.0,R,26.0,,,,,,,,,,,,,,,,,,,,,,,,,,,,,,,,,,
186876,Stockton University,2020,186876,1,3,1,2,2,2,5,1,3,R,7262,R,2670.0,R,4592.0,R,5614.0,R,1941.0,R,3673.0,R,1411.0,R,517.0,R,894.0,R,1409.0,R,516.0,R,893.0,R,2.0,R,1.0,R,1.0,R,1042.0,R,74.0,R,103.0,R,7.0,R,510.0,R,600.0,R,503.0,R,590.0,R,20.0,R,27.0,R,19.0,R,27.0,R,19.0,R,26.0,,,,,,,,,,,,,,,,,,,,,,,,,,,,,,,,,,
186876,Stockton University,2021,186876,1,3,1,2,2,2,5,1,3,R,6247,R,2298.0,R,3949.0,R,5281.0,R,1946.0,R,3335.0,R,1358.0,R,541.0,R,817.0,R,1357.0,R,540.0,R,817.0,R,1.0,R,1.0,R,0.0,R,387.0,R,29.0,R,32.0,R,2.0,R,530.0,R,630.0,R,520.0,R,620.0,R,22.0,R,27.0,R,21.0,R,26.0,R,21.0,R,26.0,,,,,,,,,,,,,,,,,,,,,,,,,,,,,,,,,,
186876,Stockton University,2022,186876,1,3,1,1,5,3,5,1,3,R,9591,R,3547.0,R,6044.0,R,8204.0,R,2962.0,R,5242.0,R,1562.0,R,630.0,R,932.0,R,1560.0,R,629.0,R,931.0,R,2.0,R,1.0,R,1.0,R,431.0,R,28.0,R,29.0,R,2.0,R,530.0,R,630.0,R,520.0,R,620.0,R,18.0,R,25.0,R,15.0,R,25.0,R,17.0,R,,3.0,1.0,3.0,A,,R,0.0,A,,R,0.0,A,,R,0.0,A,,R,0.0,A,,R,0.0,R,580.0,R,570.0,R,23.0,R,21.0,R,21.0,25.0
186876,Stockton University,2023,186876,1,3,1,1,5,3,5,1,3,R,9338,R,3531.0,R,5807.0,R,8233.0,R,3029.0,R,5204.0,R,1530.0,R,611.0,R,919.0,R,1527.0,R,608.0,R,919.0,R,3.0,R,3.0,R,0.0,R,409.0,R,27.0,R,18.0,R,1.0,R,540.0,R,640.0,R,540.0,R,620.0,R,20.0,R,27.0,R,17.0,R,27.0,R,19.0,R,,3.0,5.0,3.0,A,,R,0.0,A,,R,0.0,A,,R,0.0,A,,R,0.0,A,,R,0.0,R,590.0,R,580.0,R,24.0,R,24.0,R,24.0,26.0
186900,Talmudical Academy-New Jersey,2018,186900,2,2,1,2,1,2,3,3,3,R,6,R,6.0,R,0.0,R,5.0,R,5.0,A,,R,4.0,R,4.0,A,,R,4.0,R,4.0,A,,A,,A,,A,,A,,A,,A,,A,,A,,A,,A,,A,,A,,A,,A,,A,,A,,A,,,,,,,,,,,,,,,,,,,,,,,,,,,,,,,,,,,
186900,Talmudical Academy-New Jersey,2019,186900,2,2,1,2,1,2,3,3,3,R,10,R,10.0,Z,0.0,R,8.0,R,8.0,A,,R,6.0,R,6.0,A,,R,6.0,R,6.0,A,,A,,A,,A,,A,,A,,A,,A,,A,,A,,A,,A,,A,,A,,A,,A,,A,,A,,,,,,,,,,,,,,,,,,,,,,,,,,,,,,,,,,,
186900,Talmudical Academy-New Jersey,2020,186900,2,2,1,2,1,2,3,3,3,R,9,R,9.0,Z,0.0,R,9.0,R,9.0,A,,R,7.0,R,7.0,A,,R,7.0,R,7.0,A,,A,,A,,A,,A,,A,,A,,A,,A,,A,,A,,A,,A,,A,,A,,A,,A,,A,,,,,,,,,,,,,,,,,,,,,,,,,,,,,,,,,,,
186900,Talmudical Academy-New Jersey,2021,186900,2,2,1,2,1,2,3,3,3,R,10,R,10.0,Z,0.0,R,8.0,R,8.0,A,,R,8.0,R,8.0,A,,R,8.0,R,8.0,A,,A,,A,,A,,A,,A,,A,,A,,A,,A,,A,,A,,A,,A,,A,,A,,A,,A,,,,,,,,,,,,,,,,,,,,,,,,,,,,,,,,,,,
186900,Talmudical Academy-New Jersey,2022,186900,5,3,5,1,1,5,3,3,3,R,18,R,18.0,Z,0.0,R,12.0,R,12.0,A,,R,12.0,R,12.0,A,,R,12.0,R,12.0,A,,A,,A,,A,,A,,A,,A,,A,,A,,A,,A,,A,,A,,A,,A,,A,,A,,A,,3.0,5.0,5.0,A,,R,0.0,A,,R,0.0,A,,R,0.0,A,,R,0.0,A,,A,,A,,A,,A,,A,,A,,
186900,Talmudical Academy-New Jersey,2023,186900,5,3,5,1,1,5,3,3,3,R,24,R,24.0,Z,0.0,R,10.0,R,10.0,A,,R,10.0,R,10.0,A,,R,10.0,R,10.0,A,,A,,A,,A,,A,,A,,A,,A,,A,,A,,A,,A,,A,,A,,A,,A,,A,,A,,3.0,5.0,5.0,A,,R,0.0,A,,R,0.0,A,,R,0.0,A,,R,0.0,A,,A,,A,,A,,A,,A,,A,,
187134,The College of New Jersey,2018,187134,2,2,1,2,2,2,1,1,3,R,13625,R,5958.0,R,7667.0,R,6785.0,R,2844.0,R,3941.0,R,1551.0,R,658.0,R,893.0,R,1550.0,R,657.0,R,893.0,R,1.0,R,1.0,R,0.0,R,1347.0,R,87.0,R,381.0,R,25.0,R,580.0,R,670.0,R,580.0,R,680.0,R,25.0,R,30.0,R,25.0,R,30.0,R,25.0,R,30.0,,,,,,,,,,,,,,,,,,,,,,,,,,,,,,,,,,
187134,The College of New Jersey,2019,187134,2,2,1,2,2,2,1,1,3,R,13824,R,5937.0,R,7887.0,R,6812.0,R,2842.0,R,3970.0,R,1605.0,R,674.0,R,931.0,R,1602.0,R,673.0,R,929.0,R,3.0,R,1.0,R,2.0,R,1451.0,R,90.0,R,304.0,R,19.0,R,580.0,R,670.0,R,580.0,R,690.0,R,25.0,R,30.0,A,,A,,A,,A,,,,,,,,,,,,,,,,,,,,,,,,,,,,,,,,,,,
187134,The College of New Jersey,2020,187134,2,2,1,2,2,2,5,1,3,R,13199,R,5556.0,R,7643.0,R,6765.0,R,2793.0,R,3972.0,R,1428.0,R,607.0,R,821.0,R,1427.0,R,606.0,R,821.0,R,1.0,R,1.0,R,0.0,R,1249.0,R,87.0,R,275.0,R,19.0,R,570.0,R,650.0,R,570.0,R,670.0,R,24.0,R,30.0,A,,A,,R,23.0,R,29.0,,,,,,,,,,,,,,,,,,,,,,,,,,,,,,,,,,
187134,The College of New Jersey,2021,187134,2,2,1,2,2,2,5,1,3,R,10393,R,4391.0,R,6002.0,R,6442.0,R,2540.0,R,3902.0,R,1476.0,R,608.0,R,868.0,R,1474.0,R,608.0,R,866.0,R,2.0,R,0.0,R,2.0,R,625.0,R,42.0,R,100.0,R,7.0,R,580.0,R,670.0,R,590.0,R,680.0,R,25.0,R,32.0,A,,A,,R,25.0,R,30.0,,,,,,,,,,,,,,,,,,,,,,,,,,,,,,,,,,
187134,The College of New Jersey,2022,187134,5,5,1,5,5,5,5,1,3,R,10302,R,4447.0,R,5855.0,R,6638.0,R,2739.0,R,3899.0,R,1583.0,R,660.0,R,923.0,R,1578.0,R,656.0,R,922.0,R,5.0,R,4.0,R,1.0,R,721.0,R,46.0,R,64.0,R,4.0,R,570.0,R,670.0,R,570.0,R,680.0,R,24.0,R,30.0,A,,A,,R,23.0,R,,5.0,1.0,5.0,A,,R,0.0,A,,R,0.0,A,,R,0.0,A,,R,0.0,A,,R,0.0,R,650.0,R,630.0,R,28.0,A,,R,25.0,29.0
187134,The College of New Jersey,2023,187134,5,5,1,5,5,5,5,1,3,R,11668,R,5132.0,R,6536.0,R,7251.0,R,3055.0,R,4196.0,R,1547.0,R,657.0,R,890.0,R,1544.0,R,654.0,R,890.0,R,3.0,R,3.0,R,0.0,R,647.0,R,42.0,R,62.0,R,4.0,R,570.0,R,670.0,R,570.0,R,670.0,R,25.0,R,31.0,A,,A,,R,25.0,R,,5.0,1.0,5.0,A,,R,0.0,A,,R,0.0,A,,R,0.0,A,,R,0.0,A,,R,0.0,R,620.0,R,620.0,R,28.0,A,,R,26.0,29.0
187444,William Paterson University of New Jersey,2018,187444,1,3,1,1,2,1,1,2,3,R,8150,R,3202.0,R,4948.0,R,7606.0,R,2926.0,R,4680.0,R,1704.0,R,756.0,R,948.0,R,1698.0,R,751.0,R,947.0,R,6.0,R,5.0,R,1.0,R,1613.0,R,95.0,R,155.0,R,9.0,R,450.0,R,550.0,R,440.0,R,540.0,R,16.0,R,23.0,R,15.0,R,23.0,R,16.0,R,23.0,,,,,,,,,,,,,,,,,,,,,,,,,,,,,,,,,,
187444,William Paterson University of New Jersey,2019,187444,1,3,1,1,2,1,3,2,3,R,11375,R,4497.0,R,6878.0,R,8551.0,R,3251.0,R,5300.0,R,1537.0,R,680.0,R,857.0,R,1529.0,R,677.0,R,852.0,R,8.0,R,3.0,R,5.0,A,,A,,A,,A,,A,,A,,A,,A,,A,,A,,A,,A,,A,,A,,,,,,,,,,,,,,,,,,,,,,,,,,,,,,,,,,,
187444,William Paterson University of New Jersey,2020,187444,1,3,1,1,2,1,3,2,3,R,10402,R,4015.0,R,6387.0,R,8386.0,R,3035.0,R,5351.0,R,1263.0,R,523.0,R,740.0,R,1251.0,R,520.0,R,731.0,R,12.0,R,3.0,R,9.0,A,,A,,A,,A,,A,,A,,A,,A,,A,,A,,A,,A,,A,,A,,,,,,,,,,,,,,,,,,,,,,,,,,,,,,,,,,,
187444,William Paterson University of New Jersey,2021,187444,1,3,1,1,2,1,3,2,3,R,9171,R,3598.0,R,5573.0,R,7636.0,R,2876.0,R,4760.0,R,995.0,R,434.0,R,561.0,R,988.0,R,430.0,R,558.0,R,7.0,R,4.0,R,3.0,A,,A,,A,,A,,A,,A,,A,,A,,A,,A,,A,,A,,A,,A,,,,,,,,,,,,,,,,,,,,,,,,,,,,,,,,,,,
187444,William Paterson University of New Jersey,2022,187444,1,3,1,1,5,1,5,1,3,R,7062,R,2761.0,R,4281.0,R,6464.0,R,2465.0,R,3981.0,R,806.0,R,363.0,R,438.0,R,801.0,R,362.0,R,434.0,R,5.0,R,1.0,R,4.0,R,5.0,R,1.0,A,,A,,R,530.0,R,680.0,R,460.0,R,665.0,A,,A,,A,,A,,A,,A,,5.0,1.0,5.0,R,20.0,R,0.0,R,18.0,R,0.0,R,5.0,R,0.0,R,5.0,R,0.0,R,0.0,R,0.0,R,620.0,R,530.0,A,,A,,A,,
187444,William Paterson University of New Jersey,2023,187444,1,3,1,1,5,5,5,1,3,R,7754,R,3200.0,R,4534.0,R,7174.0,R,2912.0,R,4246.0,R,883.0,R,380.0,R,500.0,R,872.0,R,376.0,R,496.0,R,11.0,R,4.0,R,4.0,R,4.0,R,1.0,R,0.0,R,0.0,S,,S,,S,,S,,A,,A,,A,,A,,A,,A,,5.0,5.0,5.0,A,,R,20.0,A,,R,16.0,A,,R,3.0,A,,R,0.0,A,,R,3.0,S,,S,,A,,A,,A,,
194718,Rabbinical Seminary Mkor Chaim,2020,194718,3,3,2,1,1,3,3,3,3,R,20,R,20.0,Z,0.0,R,20.0,R,20.0,A,,R,20.0,R,20.0,A,,R,20.0,R,20.0,A,,A,,A,,A,,A,,A,,A,,A,,A,,A,,A,,A,,A,,A,,A,,A,,A,,A,,,,,,,,,,,,,,,,,,,,,,,,,,,,,,,,,,,
194718,Rabbinical Seminary Mkor Chaim,2021,194718,3,3,2,1,1,3,3,3,3,R,30,R,30.0,Z,0.0,R,30.0,R,30.0,A,,R,30.0,R,30.0,A,,R,30.0,R,30.0,A,,A,,A,,A,,A,,A,,A,,A,,A,,A,,A,,A,,A,,A,,A,,A,,A,,A,,,,,,,,,,,,,,,,,,,,,,,,,,,,,,,,,,,
194718,Rabbinical Seminary Mkor Chaim,2022,194718,5,3,5,1,1,5,3,3,3,R,28,R,28.0,Z,0.0,R,28.0,R,28.0,A,,R,27.0,R,27.0,A,,R,27.0,R,27.0,A,,A,,A,,A,,A,,A,,A,,A,,A,,A,,A,,A,,A,,A,,A,,A,,A,,A,,3.0,5.0,5.0,A,,R,0.0,A,,R,0.0,A,,R,0.0,A,,R,0.0,A,,A,,A,,A,,A,,A,,A,,
194718,Rabbinical Seminary Mkor Chaim,2023,194718,5,3,5,1,1,5,3,3,3,R,31,R,31.0,Z,0.0,R,31.0,R,31.0,A,,R,31.0,R,31.0,A,,R,31.0,R,31.0,A,,A,,A,,A,,A,,A,,A,,A,,A,,A,,A,,A,,A,,A,,A,,A,,A,,A,,3.0,5.0,5.0,A,,R,0.0,A,,R,0.0,A,,R,0.0,A,,R,0.0,A,,A,,A,,A,,A,,A,,A,,
365763,Morris County Vocational School District,2018,365763,3,3,3,3,1,3,3,3,1,R,20,R,12.0,R,8.0,R,19.0,R,11.0,R,8.0,R,15.0,R,8.0,R,7.0,R,15.0,R,8.0,R,7.0,A,,A,,A,,A,,A,,A,,A,,A,,A,,A,,A,,A,,A,,A,,A,,A,,A,,,,,,,,,,,,,,,,,,,,,,,,,,,,,,,,,,,
365763,Morris County Vocational School District,2019,365763,3,3,3,3,1,3,3,3,1,R,8,R,4.0,R,4.0,R,8.0,R,4.0,R,4.0,R,6.0,R,2.0,R,4.0,R,6.0,R,2.0,R,4.0,A,,A,,A,,A,,A,,A,,A,,A,,A,,A,,A,,A,,A,,A,,A,,A,,A,,,,,,,,,,,,,,,,,,,,,,,,,,,,,,,,,,,
365763,Morris County Vocational School District,2020,365763,3,3,3,3,1,3,3,3,1,R,26,R,10.0,R,16.0,R,19.0,R,6.0,R,13.0,R,14.0,R,4.0,R,10.0,R,14.0,R,4.0,R,10.0,A,,A,,A,,A,,A,,A,,A,,A,,A,,A,,A,,A,,A,,A,,A,,A,,A,,,,,,,,,,,,,,,,,,,,,,,,,,,,,,,,,,,
365763,Morris County Vocational School District,2021,365763,3,3,3,3,1,3,3,3,1,R,24,R,7.0,R,17.0,R,24.0,R,7.0,R,17.0,R,24.0,R,7.0,R,17.0,R,24.0,R,7.0,R,17.0,A,,A,,A,,A,,A,,A,,A,,A,,A,,A,,A,,A,,A,,A,,A,,A,,A,,,,,,,,,,,,,,,,,,,,,,,,,,,,,,,,,,,
365763,Morris County Vocational School District,2022,365763,3,3,3,3,1,3,3,3,1,R,25,R,4.0,R,21.0,R,25.0,R,4.0,R,21.0,R,23.0,R,3.0,R,20.0,R,23.0,R,3.0,R,20.0,A,,A,,A,,A,,A,,A,,A,,A,,A,,A,,A,,A,,A,,A,,A,,A,,A,,3.0,1.0,5.0,A,,R,0.0,A,,R,0.0,A,,R,0.0,A,,R,0.0,A,,A,,A,,A,,A,,A,,A,,
365763,Morris County Vocational School District,2023,365763,3,3,3,3,1,3,3,3,1,R,20,R,2.0,R,18.0,R,20.0,R,2.0,R,18.0,R,17.0,R,1.0,R,16.0,R,17.0,R,1.0,R,16.0,A,,A,,A,,A,,A,,A,,A,,A,,A,,A,,A,,A,,A,,A,,A,,A,,A,,3.0,1.0,5.0,Z,0.0,R,0.0,A,,R,0.0,A,,R,0.0,A,,R,0.0,A,,A,,A,,A,,A,,A,,A,,
384421,Rabbi Jacob Joseph School,2018,384421,3,3,2,1,1,3,3,3,3,R,16,R,16.0,R,0.0,R,8.0,R,8.0,A,,R,6.0,R,6.0,A,,R,6.0,R,6.0,A,,A,,A,,A,,A,,A,,A,,A,,A,,A,,A,,A,,A,,A,,A,,A,,A,,A,,,,,,,,,,,,,,,,,,,,,,,,,,,,,,,,,,,
384421,Rabbi Jacob Joseph School,2019,384421,3,3,2,1,1,3,3,3,3,R,30,R,30.0,Z,0.0,R,26.0,R,26.0,A,,R,23.0,R,23.0,A,,R,23.0,R,23.0,A,,A,,A,,A,,A,,A,,A,,A,,A,,A,,A,,A,,A,,A,,A,,A,,A,,A,,,,,,,,,,,,,,,,,,,,,,,,,,,,,,,,,,,
384421,Rabbi Jacob Joseph School,2020,384421,3,3,2,1,1,3,3,3,3,R,26,R,26.0,Z,0.0,R,20.0,R,20.0,A,,R,20.0,R,20.0,A,,R,20.0,R,20.0,A,,A,,A,,A,,A,,A,,A,,A,,A,,A,,A,,A,,A,,A,,A,,A,,A,,A,,,,,,,,,,,,,,,,,,,,,,,,,,,,,,,,,,,
384421,Rabbi Jacob Joseph School,2021,384421,3,3,2,1,1,3,3,3,3,R,35,R,35.0,Z,0.0,R,29.0,R,29.0,A,,R,29.0,R,29.0,A,,R,29.0,R,29.0,A,,A,,A,,A,,A,,A,,A,,A,,A,,A,,A,,A,,A,,A,,A,,A,,A,,A,,,,,,,,,,,,,,,,,,,,,,,,,,,,,,,,,,,
384421,Rabbi Jacob Joseph School,2022,384421,5,3,5,1,1,5,3,3,3,R,45,R,45.0,Z,0.0,R,33.0,R,33.0,A,,R,33.0,R,33.0,A,,R,33.0,R,33.0,A,,A,,A,,A,,A,,A,,A,,A,,A,,A,,A,,A,,A,,A,,A,,A,,A,,A,,3.0,5.0,5.0,A,,R,0.0,A,,R,0.0,A,,R,0.0,A,,R,0.0,A,,A,,A,,A,,A,,A,,A,,
384421,Rabbi Jacob Joseph School,2023,384421,5,3,5,1,1,5,3,3,3,R,31,R,31.0,Z,0.0,R,28.0,R,28.0,A,,R,28.0,R,28.0,A,,R,28.0,R,28.0,A,,A,,A,,A,,A,,A,,A,,A,,A,,A,,A,,A,,A,,A,,A,,A,,A,,A,,3.0,5.0,5.0,A,,R,0.0,A,,R,0.0,A,,R,0.0,A,,R,0.0,A,,A,,A,,A,,A,,A,,A,,
421878,Eastern International College-Jersey City,2022,421878,3,3,1,1,5,3,3,3,1,R,88,R,9.0,R,79.0,R,15.0,R,1.0,R,14.0,R,15.0,R,1.0,R,14.0,R,15.0,R,1.0,R,14.0,R,0.0,R,0.0,R,0.0,A,,A,,A,,A,,A,,A,,A,,A,,A,,A,,A,,A,,A,,A,,1.0,1.0,5.0,R,0.0,R,0.0,A,,R,0.0,A,,R,0.0,A,,R,0.0,A,,R,0.0,A,,A,,A,,A,,A,,
421878,Eastern International College-Jersey City,2023,421878,3,3,1,1,5,3,3,3,1,R,36,R,5.0,R,31.0,R,36.0,R,5.0,R,31.0,R,36.0,R,5.0,R,31.0,R,33.0,R,4.0,R,29.0,R,3.0,R,1.0,R,2.0,A,,A,,A,,A,,A,,A,,A,,A,,A,,A,,A,,A,,A,,A,,1.0,1.0,5.0,A,,R,0.0,A,,R,0.0,A,,R,0.0,A,,R,0.0,A,,R,0.0,A,,A,,A,,A,,A,,
446303,Healthcare Training Institute,2018,446303,3,3,1,3,2,3,3,3,3,R,28,R,7.0,R,21.0,R,22.0,R,6.0,R,16.0,R,17.0,R,4.0,R,13.0,R,10.0,R,3.0,R,7.0,R,7.0,R,1.0,R,6.0,A,,A,,A,,A,,A,,A,,A,,A,,A,,A,,A,,A,,A,,A,,,,,,,,,,,,,,,,,,,,,,,,,,,,,,,,,,,
446303,Healthcare Training Institute,2019,446303,3,3,1,3,2,3,3,3,3,R,8,R,0.0,R,8.0,R,3.0,A,,R,3.0,R,3.0,A,,R,3.0,R,3.0,A,,R,3.0,R,0.0,A,,R,0.0,A,,A,,A,,A,,A,,A,,A,,A,,A,,A,,A,,A,,A,,A,,,,,,,,,,,,,,,,,,,,,,,,,,,,,,,,,,,
446303,Healthcare Training Institute,2020,446303,3,3,1,3,2,3,3,3,3,R,8,R,3.0,R,5.0,R,7.0,R,3.0,R,4.0,R,2.0,R,0.0,R,2.0,R,2.0,A,,R,2.0,R,0.0,A,,R,0.0,A,,A,,A,,A,,A,,A,,A,,A,,A,,A,,A,,A,,A,,A,,,,,,,,,,,,,,,,,,,,,,,,,,,,,,,,,,,
446303,Healthcare Training Institute,2021,446303,3,3,1,3,2,3,3,3,3,R,4,R,1.0,R,3.0,R,4.0,R,1.0,R,3.0,R,4.0,R,1.0,R,3.0,R,3.0,R,0.0,R,3.0,R,1.0,R,1.0,R,0.0,A,,A,,A,,A,,A,,A,,A,,A,,A,,A,,A,,A,,A,,A,,,,,,,,,,,,,,,,,,,,,,,,,,,,,,,,,,,
446303,Healthcare Training Institute,2022,446303,3,3,1,3,3,3,3,3,3,R,61,R,0.0,R,61.0,R,61.0,A,,R,61.0,R,6.0,A,,R,6.0,R,3.0,A,,R,3.0,R,3.0,A,,R,3.0,A,,A,,A,,A,,A,,A,,A,,A,,A,,A,,A,,A,,A,,A,,3.0,3.0,3.0,A,,R,0.0,A,,R,0.0,A,,R,0.0,A,,R,0.0,A,,R,0.0,A,,A,,A,,A,,A,,
446303,Healthcare Training Institute,2023,446303,3,3,1,3,3,3,3,3,3,R,58,R,10.0,R,48.0,R,44.0,Z,0.0,R,44.0,R,40.0,A,,R,40.0,R,24.0,A,,R,24.0,R,16.0,A,,R,16.0,A,,A,,A,,A,,A,,A,,A,,A,,A,,A,,A,,A,,A,,A,,3.0,3.0,3.0,S,,S,,S,,S,,S,,S,,S,,S,,S,,S,,A,,A,,A,,A,,A,,
449658,Bais Medrash Toras Chesed,2018,449658,3,3,2,3,1,1,3,3,3,R,57,R,57.0,R,0.0,R,34.0,R,34.0,A,,R,24.0,R,24.0,A,,R,24.0,R,24.0,A,,A,,A,,A,,A,,A,,A,,A,,A,,A,,A,,A,,A,,A,,A,,A,,A,,A,,,,,,,,,,,,,,,,,,,,,,,,,,,,,,,,,,,
449658,Bais Medrash Toras Chesed,2019,449658,3,3,2,3,1,1,3,3,3,R,59,R,59.0,R,0.0,R,35.0,C,35.0,A,,R,27.0,R,27.0,A,,R,27.0,R,27.0,A,,A,,A,,A,,A,,A,,A,,A,,A,,A,,A,,A,,A,,A,,A,,A,,A,,A,,,,,,,,,,,,,,,,,,,,,,,,,,,,,,,,,,,
449658,Bais Medrash Toras Chesed,2020,449658,3,3,2,3,1,1,3,3,3,R,47,R,47.0,R,0.0,R,33.0,R,33.0,A,,R,27.0,R,27.0,A,,R,27.0,R,27.0,A,,A,,A,,A,,A,,A,,A,,A,,A,,A,,A,,A,,A,,A,,A,,A,,A,,A,,,,,,,,,,,,,,,,,,,,,,,,,,,,,,,,,,,
449658,Bais Medrash Toras Chesed,2021,449658,3,3,2,3,1,1,3,3,3,R,68,R,68.0,R,0.0,R,40.0,R,40.0,A,,R,30.0,R,30.0,A,,R,30.0,R,30.0,A,,A,,A,,A,,A,,A,,A,,A,,A,,A,,A,,A,,A,,A,,A,,A,,A,,A,,,,,,,,,,,,,,,,,,,,,,,,,,,,,,,,,,,
449658,Bais Medrash Toras Chesed,2022,449658,3,3,5,3,1,1,3,3,3,R,78,R,68.0,R,0.0,R,55.0,R,51.0,A,,R,33.0,R,33.0,A,,R,33.0,R,33.0,A,,A,,A,,A,,A,,A,,A,,A,,A,,A,,A,,A,,A,,A,,A,,A,,A,,A,,3.0,3.0,3.0,A,,R,10.0,A,,R,4.0,A,,R,0.0,A,,R,0.0,A,,A,,A,,A,,A,,A,,A,,
449658,Bais Medrash Toras Chesed,2023,449658,3,3,5,3,1,1,3,3,3,R,73,R,73.0,R,0.0,R,46.0,R,46.0,A,,R,33.0,R,33.0,A,,R,33.0,R,33.0,A,,A,,A,,A,,A,,A,,A,,A,,A,,A,,A,,A,,A,,A,,A,,A,,A,,A,,3.0,3.0,3.0,A,,R,0.0,A,,R,0.0,A,,R,0.0,A,,R,0.0,A,,A,,A,,A,,A,,A,,A,,
451370,Yeshivas Be'er Yitzchok,2018,451370,3,3,2,1,1,3,3,3,3,R,12,R,12.0,R,0.0,R,9.0,R,9.0,A,,R,8.0,R,8.0,A,,R,8.0,R,8.0,A,,A,,A,,A,,A,,A,,A,,A,,A,,A,,A,,A,,A,,A,,A,,A,,A,,A,,,,,,,,,,,,,,,,,,,,,,,,,,,,,,,,,,,
451370,Yeshivas Be'er Yitzchok,2019,451370,3,3,2,1,1,3,3,3,3,R,20,R,20.0,Z,0.0,R,13.0,R,13.0,A,,R,9.0,R,9.0,A,,R,9.0,R,9.0,A,,A,,A,,A,,A,,A,,A,,A,,A,,A,,A,,A,,A,,A,,A,,A,,A,,A,,,,,,,,,,,,,,,,,,,,,,,,,,,,,,,,,,,
451370,Yeshivas Be'er Yitzchok,2020,451370,3,3,2,1,1,3,3,3,3,R,8,R,8.0,Z,0.0,R,8.0,R,8.0,A,,R,6.0,R,6.0,A,,R,6.0,R,6.0,A,,A,,A,,A,,A,,A,,A,,A,,A,,A,,A,,A,,A,,A,,A,,A,,A,,A,,,,,,,,,,,,,,,,,,,,,,,,,,,,,,,,,,,
451370,Yeshivas Be'er Yitzchok,2021,451370,3,3,2,1,1,3,3,3,3,R,20,R,20.0,Z,0.0,R,16.0,R,16.0,A,,R,10.0,R,10.0,A,,R,10.0,R,10.0,A,,A,,A,,A,,A,,A,,A,,A,,A,,A,,A,,A,,A,,A,,A,,A,,A,,A,,,,,,,,,,,,,,,,,,,,,,,,,,,,,,,,,,,
451370,Yeshivas Be'er Yitzchok,2022,451370,5,3,5,1,1,5,3,3,3,R,18,R,18.0,Z,0.0,R,16.0,R,16.0,A,,R,10.0,R,10.0,A,,R,10.0,R,10.0,A,,A,,A,,A,,A,,A,,A,,A,,A,,A,,A,,A,,A,,A,,A,,A,,A,,A,,3.0,5.0,5.0,A,,R,0.0,A,,R,0.0,A,,R,0.0,A,,R,0.0,A,,A,,A,,A,,A,,A,,A,,
451370,Yeshivas Be'er Yitzchok,2023,451370,5,3,5,1,1,5,3,3,3,R,5,R,5.0,Z,0.0,R,5.0,R,5.0,A,,R,5.0,R,5.0,A,,R,5.0,R,5.0,A,,A,,A,,A,,A,,A,,A,,A,,A,,A,,A,,A,,A,,A,,A,,A,,A,,A,,3.0,5.0,5.0,A,,R,0.0,A,,R,0.0,A,,R,0.0,A,,R,0.0,A,,A,,A,,A,,A,,A,,A,,
451398,Yeshiva Toras Chaim,2018,451398,3,3,3,2,1,2,3,3,3,R,93,R,93.0,R,0.0,R,58.0,R,58.0,A,,R,52.0,R,52.0,A,,R,52.0,R,52.0,A,,A,,A,,A,,A,,A,,A,,A,,A,,A,,A,,A,,A,,A,,A,,A,,A,,A,,,,,,,,,,,,,,,,,,,,,,,,,,,,,,,,,,,
451398,Yeshiva Toras Chaim,2019,451398,3,3,3,2,1,2,3,3,3,R,70,R,70.0,Z,0.0,R,59.0,R,59.0,A,,R,53.0,R,53.0,A,,R,53.0,R,53.0,A,,A,,A,,A,,A,,A,,A,,A,,A,,A,,A,,A,,A,,A,,A,,A,,A,,A,,,,,,,,,,,,,,,,,,,,,,,,,,,,,,,,,,,
451398,Yeshiva Toras Chaim,2020,451398,3,3,3,2,1,2,3,3,3,R,96,R,96.0,Z,0.0,R,72.0,R,72.0,A,,R,49.0,R,49.0,A,,R,49.0,R,49.0,A,,A,,A,,A,,A,,A,,A,,A,,A,,A,,A,,A,,A,,A,,A,,A,,A,,A,,,,,,,,,,,,,,,,,,,,,,,,,,,,,,,,,,,
451398,Yeshiva Toras Chaim,2021,451398,3,3,3,2,1,2,3,3,3,R,111,R,111.0,Z,0.0,R,70.0,R,70.0,A,,R,47.0,R,47.0,A,,R,47.0,R,47.0,A,,A,,A,,A,,A,,A,,A,,A,,A,,A,,A,,A,,A,,A,,A,,A,,A,,A,,,,,,,,,,,,,,,,,,,,,,,,,,,,,,,,,,,
451398,Yeshiva Toras Chaim,2022,451398,5,3,5,1,1,5,3,3,3,R,100,R,100.0,R,0.0,R,59.0,R,59.0,A,,R,59.0,R,59.0,A,,R,59.0,R,59.0,A,,A,,A,,A,,A,,A,,A,,A,,A,,A,,A,,A,,A,,A,,A,,A,,A,,A,,3.0,5.0,5.0,A,,R,0.0,A,,R,0.0,A,,R,0.0,A,,R,0.0,A,,A,,A,,A,,A,,A,,A,,
451398,Yeshiva Toras Chaim,2023,451398,5,3,5,1,1,5,3,3,3,R,63,R,63.0,Z,0.0,R,62.0,R,62.0,A,,R,62.0,R,62.0,A,,R,62.0,R,62.0,A,,A,,A,,A,,A,,A,,A,,A,,A,,A,,A,,A,,A,,A,,A,,A,,A,,A,,3.0,5.0,5.0,A,,R,0.0,A,,R,0.0,A,,R,0.0,A,,R,0.0,A,,A,,A,,A,,A,,A,,A,,
455196,Jersey College,2018,455196,3,3,3,3,1,3,2,3,1,R,120,R,8.0,R,112.0,R,68.0,R,3.0,R,65.0,R,62.0,R,3.0,R,59.0,R,62.0,R,3.0,R,59.0,A,,A,,A,,A,,A,,A,,A,,A,,A,,A,,A,,A,,A,,A,,A,,A,,A,,,,,,,,,,,,,,,,,,,,,,,,,,,,,,,,,,,
455196,Jersey College,2019,455196,3,3,3,3,1,3,2,3,1,R,190,R,20.0,R,170.0,R,103.0,R,13.0,R,90.0,R,94.0,R,12.0,R,82.0,R,94.0,R,12.0,R,82.0,A,,A,,A,,A,,A,,A,,A,,A,,A,,A,,A,,A,,A,,A,,A,,A,,A,,,,,,,,,,,,,,,,,,,,,,,,,,,,,,,,,,,
455196,Jersey College,2020,455196,3,3,3,3,1,3,2,3,1,R,292,R,34.0,R,258.0,R,100.0,R,12.0,R,88.0,R,91.0,R,11.0,R,80.0,R,91.0,R,11.0,R,80.0,A,,A,,A,,A,,A,,A,,A,,A,,A,,A,,A,,A,,A,,A,,A,,A,,A,,,,,,,,,,,,,,,,,,,,,,,,,,,,,,,,,,,
455196,Jersey College,2021,455196,3,3,3,3,1,3,2,3,1,R,261,R,34.0,R,227.0,R,155.0,R,20.0,R,135.0,R,147.0,R,19.0,R,128.0,R,147.0,R,19.0,R,128.0,A,,A,,A,,A,,A,,A,,A,,A,,A,,A,,A,,A,,A,,A,,A,,A,,A,,,,,,,,,,,,,,,,,,,,,,,,,,,,,,,,,,,
455196,Jersey College,2022,455196,3,3,3,3,1,3,5,3,1,R,365,R,40.0,R,325.0,R,241.0,R,24.0,R,217.0,R,179.0,R,18.0,R,161.0,R,179.0,R,18.0,R,161.0,A,,A,,A,,R,5.0,R,3.0,R,2.0,R,1.0,R,475.0,R,570.0,R,470.0,R,535.0,A,,A,,A,,A,,A,,A,,5.0,5.0,3.0,A,,R,0.0,A,,R,0.0,A,,R,0.0,A,,R,0.0,A,,A,,R,500.0,R,500.0,A,,A,,A,,
455196,Jersey College,2023,455196,3,3,3,3,1,3,5,3,1,R,536,R,52.0,R,484.0,R,364.0,R,37.0,R,327.0,R,259.0,R,27.0,R,232.0,R,187.0,R,24.0,R,163.0,R,72.0,R,3.0,R,69.0,R,8.0,R,3.0,R,7.0,R,3.0,R,460.0,R,530.0,R,455.0,R,560.0,R,17.0,R,22.0,R,17.0,R,21.0,R,17.0,R,,5.0,5.0,3.0,A,,R,0.0,A,,R,0.0,A,,R,0.0,A,,R,0.0,A,,R,0.0,R,470.0,R,485.0,R,18.0,R,17.0,R,19.0,22.0
461847,Keser Torah-Mayan Hatalmud,2019,461847,3,3,2,1,1,3,3,3,3,R,10,R,10.0,Z,0.0,R,9.0,R,9.0,A,,R,7.0,R,7.0,A,,R,7.0,R,7.0,A,,A,,A,,A,,A,,A,,A,,A,,A,,A,,A,,A,,A,,A,,A,,A,,A,,A,,,,,,,,,,,,,,,,,,,,,,,,,,,,,,,,,,,
461847,Keser Torah-Mayan Hatalmud,2020,461847,3,3,2,1,1,3,3,3,3,R,16,R,16.0,Z,0.0,R,15.0,R,15.0,A,,R,7.0,R,7.0,A,,R,7.0,R,7.0,A,,A,,A,,A,,A,,A,,A,,A,,A,,A,,A,,A,,A,,A,,A,,A,,A,,A,,,,,,,,,,,,,,,,,,,,,,,,,,,,,,,,,,,
461847,Keser Torah-Mayan Hatalmud,2021,461847,3,3,2,1,1,3,3,3,3,R,19,R,19.0,Z,0.0,R,15.0,R,15.0,A,,R,15.0,R,15.0,A,,R,15.0,R,15.0,A,,A,,A,,A,,A,,A,,A,,A,,A,,A,,A,,A,,A,,A,,A,,A,,A,,A,,,,,,,,,,,,,,,,,,,,,,,,,,,,,,,,,,,
461847,Keser Torah-Mayan Hatalmud,2022,461847,5,3,5,1,1,5,3,3,3,R,16,R,16.0,Z,0.0,R,13.0,R,13.0,A,,R,11.0,R,11.0,A,,R,11.0,R,11.0,A,,A,,A,,A,,A,,A,,A,,A,,A,,A,,A,,A,,A,,A,,A,,A,,A,,A,,3.0,5.0,5.0,A,,R,0.0,A,,R,0.0,A,,R,0.0,A,,R,0.0,A,,A,,A,,A,,A,,A,,A,,
461847,Keser Torah-Mayan Hatalmud,2023,461847,5,3,5,1,1,5,3,3,3,R,7,R,7.0,Z,0.0,R,5.0,R,5.0,A,,R,5.0,R,5.0,A,,R,5.0,R,5.0,A,,A,,A,,A,,A,,A,,A,,A,,A,,A,,A,,A,,A,,A,,A,,A,,A,,A,,3.0,5.0,5.0,A,,R,0.0,A,,R,0.0,A,,R,0.0,A,,R,0.0,A,,A,,A,,A,,A,,A,,A,,
476692,Yeshiva Gedolah Zichron Leyma,2018,476692,3,3,2,1,1,3,3,3,3,R,9,R,9.0,R,0.0,R,9.0,R,9.0,A,,R,6.0,R,6.0,A,,R,6.0,R,6.0,A,,A,,A,,A,,A,,A,,A,,A,,A,,A,,A,,A,,A,,A,,A,,A,,A,,A,,,,,,,,,,,,,,,,,,,,,,,,,,,,,,,,,,,
476692,Yeshiva Gedolah Zichron Leyma,2019,476692,3,3,2,1,1,3,3,3,3,R,16,R,16.0,Z,0.0,R,8.0,R,8.0,A,,R,4.0,R,4.0,A,,R,4.0,R,4.0,A,,A,,A,,A,,A,,A,,A,,A,,A,,A,,A,,A,,A,,A,,A,,A,,A,,A,,,,,,,,,,,,,,,,,,,,,,,,,,,,,,,,,,,
476692,Yeshiva Gedolah Zichron Leyma,2020,476692,3,3,2,1,1,3,3,3,3,R,28,R,28.0,Z,0.0,R,22.0,R,22.0,A,,R,18.0,R,18.0,A,,R,18.0,R,18.0,A,,A,,A,,A,,A,,A,,A,,A,,A,,A,,A,,A,,A,,A,,A,,A,,A,,A,,,,,,,,,,,,,,,,,,,,,,,,,,,,,,,,,,,
476692,Yeshiva Gedolah Zichron Leyma,2021,476692,3,3,2,1,1,3,3,3,3,R,45,R,45.0,Z,0.0,R,23.0,R,23.0,A,,R,17.0,R,17.0,A,,R,17.0,R,17.0,A,,A,,A,,A,,A,,A,,A,,A,,A,,A,,A,,A,,A,,A,,A,,A,,A,,A,,,,,,,,,,,,,,,,,,,,,,,,,,,,,,,,,,,
476692,Yeshiva Gedolah Zichron Leyma,2022,476692,5,3,5,1,1,5,3,3,3,R,43,R,43.0,Z,0.0,R,21.0,R,21.0,A,,R,14.0,R,14.0,A,,R,14.0,R,14.0,A,,A,,A,,A,,A,,A,,A,,A,,A,,A,,A,,A,,A,,A,,A,,A,,A,,A,,3.0,5.0,5.0,A,,R,0.0,A,,R,0.0,A,,R,0.0,A,,R,0.0,A,,A,,A,,A,,A,,A,,A,,
476692,Yeshiva Gedolah Zichron Leyma,2023,476692,5,3,5,1,1,5,3,3,3,R,34,R,34.0,Z,0.0,R,24.0,R,24.0,A,,R,16.0,R,16.0,A,,R,16.0,R,16.0,A,,A,,A,,A,,A,,A,,A,,A,,A,,A,,A,,A,,A,,A,,A,,A,,A,,A,,3.0,5.0,5.0,A,,R,0.0,A,,R,0.0,A,,R,0.0,A,,R,0.0,A,,A,,A,,A,,A,,A,,A,,
481438,Yeshiva Yesodei Hatorah,2018,481438,3,3,2,1,1,3,3,3,3,R,30,R,30.0,R,0.0,R,28.0,R,28.0,A,,R,23.0,R,23.0,A,,R,23.0,R,23.0,A,,A,,A,,A,,A,,A,,A,,A,,A,,A,,A,,A,,A,,A,,A,,A,,A,,A,,,,,,,,,,,,,,,,,,,,,,,,,,,,,,,,,,,
481438,Yeshiva Yesodei Hatorah,2019,481438,3,3,2,1,1,3,3,3,3,R,38,R,38.0,Z,0.0,R,33.0,R,33.0,A,,R,29.0,R,29.0,A,,R,29.0,R,29.0,A,,A,,A,,A,,A,,A,,A,,A,,A,,A,,A,,A,,A,,A,,A,,A,,A,,A,,,,,,,,,,,,,,,,,,,,,,,,,,,,,,,,,,,
481438,Yeshiva Yesodei Hatorah,2020,481438,3,3,2,1,1,3,3,3,3,R,30,R,30.0,Z,0.0,R,17.0,R,17.0,A,,R,17.0,R,17.0,A,,R,17.0,R,17.0,A,,A,,A,,A,,A,,A,,A,,A,,A,,A,,A,,A,,A,,A,,A,,A,,A,,A,,,,,,,,,,,,,,,,,,,,,,,,,,,,,,,,,,,
481438,Yeshiva Yesodei Hatorah,2021,481438,3,3,2,1,1,3,3,3,3,R,22,R,22.0,Z,0.0,R,22.0,R,22.0,A,,R,22.0,R,22.0,A,,R,22.0,R,22.0,A,,A,,A,,A,,A,,A,,A,,A,,A,,A,,A,,A,,A,,A,,A,,A,,A,,A,,,,,,,,,,,,,,,,,,,,,,,,,,,,,,,,,,,
481438,Yeshiva Yesodei Hatorah,2022,481438,3,3,5,1,1,5,3,3,3,R,27,R,27.0,Z,0.0,R,25.0,R,25.0,A,,R,23.0,R,23.0,A,,R,23.0,R,23.0,A,,A,,A,,A,,A,,A,,A,,A,,A,,A,,A,,A,,A,,A,,A,,A,,A,,A,,3.0,5.0,5.0,A,,R,0.0,A,,R,0.0,A,,R,0.0,A,,R,0.0,A,,A,,A,,A,,A,,A,,A,,
481438,Yeshiva Yesodei Hatorah,2023,481438,3,3,5,1,1,5,3,3,3,R,23,R,23.0,Z,0.0,R,23.0,R,23.0,A,,R,20.0,R,20.0,A,,R,20.0,R,20.0,A,,A,,A,,A,,A,,A,,A,,A,,A,,A,,A,,A,,A,,A,,A,,A,,A,,A,,3.0,5.0,5.0,A,,R,0.0,A,,R,0.0,A,,R,0.0,A,,R,0.0,A,,A,,A,,A,,A,,A,,A,,
482556,DeVry University-New Jersey,2018,482556,1,3,1,3,3,3,2,2,2,R,23,R,20.0,R,3.0,R,22.0,R,19.0,R,3.0,R,19.0,R,17.0,R,2.0,R,10.0,R,9.0,R,1.0,R,9.0,R,8.0,R,1.0,A,,A,,A,,A,,A,,A,,A,,A,,A,,A,,A,,A,,A,,A,,,,,,,,,,,,,,,,,,,,,,,,,,,,,,,,,,,
482556,DeVry University-New Jersey,2019,482556,1,3,1,3,3,3,2,2,2,R,11,R,9.0,R,2.0,R,11.0,R,9.0,R,2.0,R,7.0,R,6.0,R,1.0,R,6.0,R,6.0,R,0.0,R,1.0,R,0.0,R,1.0,A,,A,,A,,A,,A,,A,,A,,A,,A,,A,,A,,A,,A,,A,,,,,,,,,,,,,,,,,,,,,,,,,,,,,,,,,,,
482556,DeVry University-New Jersey,2020,482556,1,3,1,3,3,3,2,2,2,R,15,R,8.0,R,7.0,R,5.0,R,4.0,R,1.0,R,5.0,R,4.0,R,1.0,R,5.0,R,4.0,R,1.0,R,0.0,R,0.0,R,0.0,A,,A,,A,,A,,A,,A,,A,,A,,A,,A,,A,,A,,A,,A,,,,,,,,,,,,,,,,,,,,,,,,,,,,,,,,,,,
482556,DeVry University-New Jersey,2021,482556,1,3,1,3,3,3,2,2,2,R,18,R,9.0,R,9.0,R,8.0,R,5.0,R,3.0,R,8.0,R,5.0,R,3.0,R,7.0,R,4.0,R,3.0,R,1.0,R,1.0,R,0.0,A,,A,,A,,A,,A,,A,,A,,A,,A,,A,,A,,A,,A,,A,,,,,,,,,,,,,,,,,,,,,,,,,,,,,,,,,,,
482556,DeVry University-New Jersey,2022,482556,1,3,1,3,3,3,5,5,5,R,3,R,2.0,R,1.0,R,3.0,R,2.0,R,1.0,R,2.0,R,1.0,R,1.0,R,0.0,R,0.0,R,0.0,R,2.0,R,1.0,R,1.0,R,0.0,R,0.0,R,0.0,R,0.0,A,,A,,A,,A,,A,,A,,A,,A,,A,,A,,3.0,3.0,3.0,A,,R,0.0,A,,R,0.0,A,,R,0.0,A,,R,0.0,A,,R,0.0,A,,A,,A,,A,,A,,
482556,DeVry University-New Jersey,2023,482556,1,3,1,3,3,3,5,5,5,R,2,R,1.0,R,1.0,R,2.0,R,1.0,R,1.0,R,2.0,R,1.0,R,1.0,R,2.0,R,1.0,R,1.0,R,0.0,R,0.0,R,0.0,R,0.0,R,0.0,R,0.0,R,0.0,A,,A,,A,,A,,A,,A,,A,,A,,A,,A,,3.0,3.0,3.0,A,,R,0.0,A,,R,0.0,A,,R,0.0,A,,R,0.0,A,,R,0.0,A,,A,,A,,A,,A,,
486956,Chamberlain University-New Jersey,2018,486956,1,3,1,3,3,3,2,2,1,R,11,R,1.0,R,10.0,R,5.0,R,1.0,R,4.0,R,3.0,R,1.0,R,2.0,R,3.0,R,1.0,R,2.0,R,0.0,R,0.0,R,0.0,A,,A,,A,,A,,A,,A,,A,,A,,A,,A,,A,,A,,A,,A,,,,,,,,,,,,,,,,,,,,,,,,,,,,,,,,,,,
486956,Chamberlain University-New Jersey,2019,486956,1,3,1,3,3,3,2,2,1,R,8,R,1.0,R,7.0,R,8.0,R,1.0,R,7.0,R,5.0,R,0.0,R,5.0,R,5.0,A,,R,5.0,R,0.0,A,,R,0.0,A,,A,,A,,A,,A,,A,,A,,A,,A,,A,,A,,A,,A,,A,,,,,,,,,,,,,,,,,,,,,,,,,,,,,,,,,,,
486956,Chamberlain University-New Jersey,2020,486956,1,3,1,3,3,3,2,2,1,R,17,R,1.0,R,16.0,R,17.0,R,1.0,R,16.0,R,13.0,R,1.0,R,12.0,R,13.0,R,1.0,R,12.0,R,0.0,R,0.0,R,0.0,A,,A,,A,,A,,A,,A,,A,,A,,A,,A,,A,,A,,A,,A,,,,,,,,,,,,,,,,,,,,,,,,,,,,,,,,,,,
486956,Chamberlain University-New Jersey,2021,486956,1,3,1,3,3,3,2,2,1,R,11,R,0.0,R,11.0,R,10.0,A,,R,10.0,R,7.0,A,,R,7.0,R,5.0,A,,R,5.0,R,2.0,A,,R,2.0,A,,A,,A,,A,,A,,A,,A,,A,,A,,A,,A,,A,,A,,A,,,,,,,,,,,,,,,,,,,,,,,,,,,,,,,,,,,
486956,Chamberlain University-New Jersey,2022,486956,1,3,1,3,3,3,5,5,1,R,10,R,1.0,R,9.0,R,9.0,R,1.0,R,8.0,R,9.0,R,1.0,R,8.0,R,7.0,R,1.0,R,6.0,R,2.0,R,0.0,R,2.0,R,0.0,Z,0.0,R,0.0,Z,0.0,A,,A,,A,,A,,A,,A,,A,,A,,A,,A,,3.0,3.0,3.0,R,0.0,R,0.0,A,,R,0.0,A,,R,0.0,A,,R,0.0,A,,R,0.0,A,,A,,A,,A,,A,,
486956,Chamberlain University-New Jersey,2023,486956,1,3,1,3,3,3,5,5,1,R,10,R,1.0,R,9.0,R,9.0,R,1.0,R,8.0,R,7.0,R,0.0,R,7.0,R,5.0,A,,R,5.0,R,2.0,A,,R,2.0,R,0.0,Z,0.0,R,0.0,Z,0.0,A,,A,,A,,A,,A,,A,,A,,A,,A,,A,,3.0,3.0,3.0,R,0.0,R,0.0,A,,R,0.0,A,,R,0.0,A,,R,0.0,A,,R,0.0,A,,A,,A,,A,,A,,
488314,Beth Medrash of Asbury Park,2018,488314,3,3,2,1,1,3,3,3,3,R,32,R,32.0,R,0.0,R,27.0,R,27.0,A,,R,20.0,R,20.0,A,,R,20.0,R,20.0,A,,A,,A,,A,,A,,A,,A,,A,,A,,A,,A,,A,,A,,A,,A,,A,,A,,A,,,,,,,,,,,,,,,,,,,,,,,,,,,,,,,,,,,
488314,Beth Medrash of Asbury Park,2019,488314,3,3,2,1,1,3,3,3,3,R,35,R,35.0,Z,0.0,R,31.0,R,31.0,A,,R,24.0,R,24.0,A,,R,24.0,R,24.0,A,,A,,A,,A,,A,,A,,A,,A,,A,,A,,A,,A,,A,,A,,A,,A,,A,,A,,,,,,,,,,,,,,,,,,,,,,,,,,,,,,,,,,,
488314,Beth Medrash of Asbury Park,2020,488314,3,3,2,1,1,3,3,3,3,R,35,R,35.0,Z,0.0,R,15.0,R,15.0,A,,R,10.0,R,10.0,A,,R,10.0,R,10.0,A,,A,,A,,A,,A,,A,,A,,A,,A,,A,,A,,A,,A,,A,,A,,A,,A,,A,,,,,,,,,,,,,,,,,,,,,,,,,,,,,,,,,,,
488314,Beth Medrash of Asbury Park,2021,488314,3,3,2,1,1,3,3,3,3,R,51,R,51.0,Z,0.0,R,17.0,R,17.0,A,,R,11.0,R,11.0,A,,R,11.0,R,11.0,A,,A,,A,,A,,A,,A,,A,,A,,A,,A,,A,,A,,A,,A,,A,,A,,A,,A,,,,,,,,,,,,,,,,,,,,,,,,,,,,,,,,,,,
488314,Beth Medrash of Asbury Park,2022,488314,5,3,5,1,1,5,3,3,3,R,40,R,40.0,Z,0.0,R,30.0,R,30.0,A,,R,26.0,R,26.0,A,,R,26.0,R,26.0,A,,A,,A,,A,,A,,A,,A,,A,,A,,A,,A,,A,,A,,A,,A,,A,,A,,A,,3.0,5.0,5.0,A,,R,0.0,A,,R,0.0,A,,R,0.0,A,,R,0.0,A,,A,,A,,A,,A,,A,,A,,
488314,Beth Medrash of Asbury Park,2023,488314,5,3,5,1,1,5,3,3,3,R,52,R,52.0,Z,0.0,R,22.0,R,22.0,A,,R,18.0,R,18.0,A,,R,18.0,R,18.0,A,,A,,A,,A,,A,,A,,A,,A,,A,,A,,A,,A,,A,,A,,A,,A,,A,,A,,3.0,5.0,5.0,A,,R,0.0,A,,R,0.0,A,,R,0.0,A,,R,0.0,A,,A,,A,,A,,A,,A,,A,,
488350,Yeshiva Gedolah Shaarei Shmuel,2018,488350,3,3,2,1,1,3,3,3,3,R,120,R,120.0,R,0.0,R,33.0,R,33.0,A,,R,24.0,R,24.0,A,,R,24.0,R,24.0,A,,A,,A,,A,,A,,A,,A,,A,,A,,A,,A,,A,,A,,A,,A,,A,,A,,A,,,,,,,,,,,,,,,,,,,,,,,,,,,,,,,,,,,
488350,Yeshiva Gedolah Shaarei Shmuel,2019,488350,3,3,2,1,1,3,3,3,3,R,70,R,70.0,Z,0.0,R,23.0,R,23.0,A,,R,18.0,R,18.0,A,,R,18.0,R,18.0,A,,A,,A,,A,,A,,A,,A,,A,,A,,A,,A,,A,,A,,A,,A,,A,,A,,A,,,,,,,,,,,,,,,,,,,,,,,,,,,,,,,,,,,
488350,Yeshiva Gedolah Shaarei Shmuel,2020,488350,3,3,2,1,1,3,3,3,3,R,75,R,75.0,Z,0.0,R,30.0,R,30.0,A,,R,11.0,R,11.0,A,,R,11.0,R,11.0,A,,A,,A,,A,,A,,A,,A,,A,,A,,A,,A,,A,,A,,A,,A,,A,,A,,A,,,,,,,,,,,,,,,,,,,,,,,,,,,,,,,,,,,
488350,Yeshiva Gedolah Shaarei Shmuel,2021,488350,3,3,2,1,1,3,3,3,3,R,100,R,100.0,Z,0.0,R,50.0,R,50.0,A,,R,44.0,R,44.0,A,,R,44.0,R,44.0,A,,A,,A,,A,,A,,A,,A,,A,,A,,A,,A,,A,,A,,A,,A,,A,,A,,A,,,,,,,,,,,,,,,,,,,,,,,,,,,,,,,,,,,
488350,Yeshiva Gedolah Shaarei Shmuel,2022,488350,5,3,5,1,1,5,3,3,3,R,149,R,149.0,Z,0.0,R,69.0,R,69.0,A,,R,59.0,R,59.0,A,,R,59.0,R,59.0,A,,A,,A,,A,,A,,A,,A,,A,,A,,A,,A,,A,,A,,A,,A,,A,,A,,A,,3.0,5.0,5.0,A,,R,0.0,A,,R,0.0,A,,R,0.0,A,,R,0.0,A,,A,,A,,A,,A,,A,,A,,
488350,Yeshiva Gedolah Shaarei Shmuel,2023,488350,5,3,5,1,1,5,3,3,3,R,100,R,100.0,Z,0.0,R,53.0,R,53.0,A,,R,44.0,R,44.0,A,,R,44.0,R,44.0,A,,A,,A,,A,,A,,A,,A,,A,,A,,A,,A,,A,,A,,A,,A,,A,,A,,A,,3.0,5.0,5.0,A,,R,0.0,A,,R,0.0,A,,R,0.0,A,,R,0.0,A,,A,,A,,A,,A,,A,,A,,
490319,Yeshiva Bais Aharon,2018,490319,3,3,2,1,1,3,3,3,3,R,13,R,13.0,R,0.0,R,9.0,R,9.0,A,,R,7.0,R,7.0,A,,R,7.0,R,7.0,A,,A,,A,,A,,A,,A,,A,,A,,A,,A,,A,,A,,A,,A,,A,,A,,A,,A,,,,,,,,,,,,,,,,,,,,,,,,,,,,,,,,,,,
490319,Yeshiva Bais Aharon,2019,490319,3,3,2,1,1,3,3,3,3,R,12,R,12.0,Z,0.0,R,9.0,R,9.0,A,,R,7.0,R,7.0,A,,R,7.0,R,7.0,A,,A,,A,,A,,A,,A,,A,,A,,A,,A,,A,,A,,A,,A,,A,,A,,A,,A,,,,,,,,,,,,,,,,,,,,,,,,,,,,,,,,,,,
490319,Yeshiva Bais Aharon,2020,490319,3,3,2,1,1,3,3,3,3,R,16,R,16.0,Z,0.0,R,14.0,R,14.0,A,,R,11.0,R,11.0,A,,R,11.0,R,11.0,A,,A,,A,,A,,A,,A,,A,,A,,A,,A,,A,,A,,A,,A,,A,,A,,A,,A,,,,,,,,,,,,,,,,,,,,,,,,,,,,,,,,,,,
490319,Yeshiva Bais Aharon,2021,490319,3,3,2,1,1,3,3,3,3,R,13,R,13.0,Z,0.0,R,13.0,R,13.0,A,,R,11.0,R,11.0,A,,R,11.0,R,11.0,A,,A,,A,,A,,A,,A,,A,,A,,A,,A,,A,,A,,A,,A,,A,,A,,A,,A,,,,,,,,,,,,,,,,,,,,,,,,,,,,,,,,,,,
490319,Yeshiva Bais Aharon,2022,490319,5,3,5,1,1,5,3,3,3,R,5,R,5.0,Z,0.0,R,3.0,R,3.0,A,,R,2.0,R,2.0,A,,R,2.0,R,2.0,A,,A,,A,,A,,A,,A,,A,,A,,A,,A,,A,,A,,A,,A,,A,,A,,A,,A,,3.0,5.0,5.0,A,,R,0.0,A,,R,0.0,A,,R,0.0,A,,R,0.0,A,,A,,A,,A,,A,,A,,A,,
490319,Yeshiva Bais Aharon,2023,490319,5,3,5,1,1,5,3,3,3,R,8,R,8.0,Z,0.0,R,6.0,R,6.0,A,,R,6.0,R,6.0,A,,R,6.0,R,6.0,A,,A,,A,,A,,A,,A,,A,,A,,A,,A,,A,,A,,A,,A,,A,,A,,A,,A,,3.0,5.0,5.0,A,,R,0.0,A,,R,0.0,A,,R,0.0,A,,R,0.0,A,,A,,A,,A,,A,,A,,A,,
490513,Bais Medrash Mayan Hatorah,2018,490513,3,3,2,1,1,3,3,3,3,R,34,R,34.0,R,0.0,R,22.0,R,22.0,A,,R,19.0,R,19.0,A,,R,19.0,R,19.0,A,,R,0.0,R,0.0,A,,A,,A,,A,,A,,A,,A,,A,,A,,A,,A,,A,,A,,A,,A,,,,,,,,,,,,,,,,,,,,,,,,,,,,,,,,,,,
490513,Bais Medrash Mayan Hatorah,2019,490513,3,3,2,1,1,3,3,3,3,R,18,R,18.0,Z,0.0,R,12.0,R,12.0,A,,R,9.0,R,9.0,A,,R,9.0,R,9.0,A,,A,,A,,A,,A,,A,,A,,A,,A,,A,,A,,A,,A,,A,,A,,A,,A,,A,,,,,,,,,,,,,,,,,,,,,,,,,,,,,,,,,,,
490513,Bais Medrash Mayan Hatorah,2020,490513,3,3,2,1,1,3,3,3,3,R,32,R,32.0,Z,0.0,R,15.0,R,15.0,A,,R,12.0,R,12.0,A,,R,12.0,R,12.0,A,,A,,A,,A,,A,,A,,A,,A,,A,,A,,A,,A,,A,,A,,A,,A,,A,,A,,,,,,,,,,,,,,,,,,,,,,,,,,,,,,,,,,,
490513,Bais Medrash Mayan Hatorah,2021,490513,3,3,2,1,1,3,3,3,3,R,32,R,32.0,Z,0.0,R,16.0,R,16.0,A,,R,14.0,R,14.0,A,,R,14.0,R,14.0,A,,A,,A,,A,,A,,A,,A,,A,,A,,A,,A,,A,,A,,A,,A,,A,,A,,A,,,,,,,,,,,,,,,,,,,,,,,,,,,,,,,,,,,
490513,Bais Medrash Mayan Hatorah,2022,490513,5,3,5,1,1,5,3,3,3,R,40,R,40.0,Z,0.0,R,17.0,R,17.0,A,,R,13.0,R,13.0,A,,R,13.0,R,13.0,A,,R,0.0,R,0.0,A,,A,,A,,A,,A,,A,,A,,A,,A,,A,,A,,A,,A,,A,,A,,3.0,5.0,5.0,A,,R,0.0,A,,R,0.0,A,,R,0.0,A,,R,0.0,A,,R,0.0,A,,A,,A,,A,,A,,
490513,Bais Medrash Mayan Hatorah,2023,490513,5,3,5,1,1,5,3,3,3,R,36,R,36.0,Z,0.0,R,24.0,R,24.0,A,,R,17.0,R,17.0,A,,R,17.0,R,17.0,A,,R,0.0,R,0.0,A,,A,,A,,A,,A,,A,,A,,A,,A,,A,,A,,A,,A,,A,,A,,3.0,5.0,5.0,A,,R,0.0,A,,R,0.0,A,,R,0.0,A,,R,0.0,A,,R,0.0,A,,A,,A,,A,,A,,
491613,Yeshiva Gedolah Tiferes Boruch,2018,491613,3,3,2,1,1,3,3,3,3,R,20,R,20.0,R,0.0,R,20.0,R,20.0,A,,R,17.0,R,17.0,A,,R,17.0,R,17.0,A,,A,,A,,A,,A,,A,,A,,A,,A,,A,,A,,A,,A,,A,,A,,A,,A,,A,,,,,,,,,,,,,,,,,,,,,,,,,,,,,,,,,,,
491613,Yeshiva Gedolah Tiferes Boruch,2019,491613,3,3,2,1,1,3,3,3,3,R,23,R,23.0,Z,0.0,R,21.0,R,21.0,A,,R,18.0,R,18.0,A,,R,18.0,R,18.0,A,,A,,A,,A,,A,,A,,A,,A,,A,,A,,A,,A,,A,,A,,A,,A,,A,,A,,,,,,,,,,,,,,,,,,,,,,,,,,,,,,,,,,,
491613,Yeshiva Gedolah Tiferes Boruch,2020,491613,3,3,2,1,1,3,3,3,3,R,21,R,21.0,Z,0.0,R,21.0,R,21.0,A,,R,20.0,R,20.0,A,,R,20.0,R,20.0,A,,A,,A,,A,,A,,A,,A,,A,,A,,A,,A,,A,,A,,A,,A,,A,,A,,A,,,,,,,,,,,,,,,,,,,,,,,,,,,,,,,,,,,
491613,Yeshiva Gedolah Tiferes Boruch,2021,491613,3,3,2,1,1,3,3,3,3,R,19,R,19.0,Z,0.0,R,19.0,R,19.0,A,,R,19.0,R,19.0,A,,R,19.0,R,19.0,A,,A,,A,,A,,A,,A,,A,,A,,A,,A,,A,,A,,A,,A,,A,,A,,A,,A,,,,,,,,,,,,,,,,,,,,,,,,,,,,,,,,,,,
491613,Yeshiva Gedolah Tiferes Boruch,2022,491613,5,3,5,1,1,5,3,3,3,R,22,R,22.0,Z,0.0,R,19.0,R,19.0,A,,R,19.0,R,19.0,A,,R,19.0,R,19.0,A,,A,,A,,A,,A,,A,,A,,A,,A,,A,,A,,A,,A,,A,,A,,A,,A,,A,,3.0,5.0,5.0,A,,R,0.0,A,,R,0.0,A,,R,0.0,A,,R,0.0,A,,A,,A,,A,,A,,A,,A,,
491613,Yeshiva Gedolah Tiferes Boruch,2023,491613,5,3,5,1,1,5,3,3,3,R,19,R,19.0,Z,0.0,R,19.0,R,19.0,A,,R,19.0,R,19.0,A,,R,19.0,R,19.0,A,,A,,A,,A,,A,,A,,A,,A,,A,,A,,A,,A,,A,,A,,A,,A,,A,,A,,3.0,5.0,5.0,A,,R,0.0,A,,R,0.0,A,,R,0.0,A,,R,0.0,A,,A,,A,,A,,A,,A,,A,,
491622,Yeshiva Chemdas Hatorah,2018,491622,3,3,2,1,1,3,3,3,3,R,30,R,30.0,R,0.0,R,26.0,R,26.0,A,,R,20.0,R,20.0,A,,R,20.0,R,20.0,A,,A,,A,,A,,A,,A,,A,,A,,A,,A,,A,,A,,A,,A,,A,,A,,A,,A,,,,,,,,,,,,,,,,,,,,,,,,,,,,,,,,,,,
491622,Yeshiva Chemdas Hatorah,2019,491622,3,3,2,1,1,3,3,3,3,R,33,R,33.0,Z,0.0,R,28.0,R,28.0,A,,R,23.0,R,23.0,A,,R,23.0,R,23.0,A,,A,,A,,A,,A,,A,,A,,A,,A,,A,,A,,A,,A,,A,,A,,A,,A,,A,,,,,,,,,,,,,,,,,,,,,,,,,,,,,,,,,,,
491622,Yeshiva Chemdas Hatorah,2020,491622,3,3,2,1,1,3,3,3,3,R,35,R,35.0,Z,0.0,R,30.0,R,30.0,A,,R,30.0,R,30.0,A,,R,30.0,R,30.0,A,,A,,A,,A,,A,,A,,A,,A,,A,,A,,A,,A,,A,,A,,A,,A,,A,,A,,,,,,,,,,,,,,,,,,,,,,,,,,,,,,,,,,,
491622,Yeshiva Chemdas Hatorah,2021,491622,3,3,2,1,1,3,3,3,3,R,32,R,32.0,Z,0.0,R,24.0,R,24.0,A,,R,24.0,R,24.0,A,,R,24.0,R,24.0,A,,A,,A,,A,,A,,A,,A,,A,,A,,A,,A,,A,,A,,A,,A,,A,,A,,A,,,,,,,,,,,,,,,,,,,,,,,,,,,,,,,,,,,
491622,Yeshiva Chemdas Hatorah,2022,491622,5,3,5,1,1,5,3,3,3,R,27,R,27.0,Z,0.0,R,15.0,R,15.0,A,,R,15.0,R,15.0,A,,R,15.0,R,15.0,A,,A,,A,,A,,A,,A,,A,,A,,A,,A,,A,,A,,A,,A,,A,,A,,A,,A,,3.0,5.0,5.0,A,,R,0.0,A,,R,0.0,A,,R,0.0,A,,R,0.0,A,,A,,A,,A,,A,,A,,A,,
491622,Yeshiva Chemdas Hatorah,2023,491622,5,3,5,1,1,5,3,3,3,R,28,R,28.0,Z,0.0,R,21.0,R,21.0,A,,R,21.0,R,21.0,A,,R,21.0,R,21.0,A,,A,,A,,A,,A,,A,,A,,A,,A,,A,,A,,A,,A,,A,,A,,A,,A,,A,,3.0,5.0,5.0,A,,R,0.0,A,,R,0.0,A,,R,0.0,A,,R,0.0,A,,A,,A,,A,,A,,A,,A,,
491640,Yeshiva Gedolah Keren Hatorah,2018,491640,3,3,2,1,1,3,3,3,3,R,52,R,52.0,R,0.0,R,46.0,R,46.0,A,,R,40.0,R,40.0,A,,R,40.0,R,40.0,A,,A,,A,,A,,A,,A,,A,,A,,A,,A,,A,,A,,A,,A,,A,,A,,A,,A,,,,,,,,,,,,,,,,,,,,,,,,,,,,,,,,,,,
491640,Yeshiva Gedolah Keren Hatorah,2019,491640,3,3,2,1,1,3,3,3,3,R,50,R,50.0,Z,0.0,R,41.0,R,41.0,A,,R,34.0,R,34.0,A,,R,34.0,R,34.0,A,,A,,A,,A,,A,,A,,A,,A,,A,,A,,A,,A,,A,,A,,A,,A,,A,,A,,,,,,,,,,,,,,,,,,,,,,,,,,,,,,,,,,,
491640,Yeshiva Gedolah Keren Hatorah,2020,491640,3,3,2,1,1,3,3,3,3,R,40,R,40.0,Z,0.0,R,38.0,R,38.0,A,,R,38.0,R,38.0,A,,R,38.0,R,38.0,A,,A,,A,,A,,A,,A,,A,,A,,A,,A,,A,,A,,A,,A,,A,,A,,A,,A,,,,,,,,,,,,,,,,,,,,,,,,,,,,,,,,,,,
491640,Yeshiva Gedolah Keren Hatorah,2021,491640,3,3,2,1,1,3,3,3,3,R,55,R,55.0,Z,0.0,R,40.0,R,40.0,A,,R,40.0,R,40.0,A,,R,40.0,R,40.0,A,,A,,A,,A,,A,,A,,A,,A,,A,,A,,A,,A,,A,,A,,A,,A,,A,,A,,,,,,,,,,,,,,,,,,,,,,,,,,,,,,,,,,,
491640,Yeshiva Gedolah Keren Hatorah,2022,491640,5,3,5,1,1,5,3,3,3,R,41,R,41.0,Z,0.0,R,41.0,R,41.0,A,,R,41.0,R,41.0,A,,R,41.0,R,41.0,A,,A,,A,,A,,A,,A,,A,,A,,A,,A,,A,,A,,A,,A,,A,,A,,A,,A,,3.0,5.0,5.0,A,,R,0.0,A,,R,0.0,A,,R,0.0,A,,R,0.0,A,,A,,A,,A,,A,,A,,A,,
491640,Yeshiva Gedolah Keren Hatorah,2023,491640,5,3,5,1,1,5,3,3,3,R,40,R,40.0,Z,0.0,R,38.0,R,38.0,A,,R,38.0,R,38.0,A,,R,38.0,R,38.0,A,,A,,A,,A,,A,,A,,A,,A,,A,,A,,A,,A,,A,,A,,A,,A,,A,,A,,3.0,5.0,5.0,A,,R,0.0,A,,R,0.0,A,,R,0.0,A,,R,0.0,A,,A,,A,,A,,A,,A,,A,,
491710,Yeshiva Gedolah of Cliffwood,2018,491710,3,3,2,1,1,3,3,3,3,R,41,R,41.0,R,0.0,R,24.0,R,24.0,A,,R,21.0,R,21.0,A,,R,21.0,R,21.0,A,,A,,A,,A,,A,,A,,A,,A,,A,,A,,A,,A,,A,,A,,A,,A,,A,,A,,,,,,,,,,,,,,,,,,,,,,,,,,,,,,,,,,,
491710,Yeshiva Gedolah of Cliffwood,2019,491710,3,3,2,1,1,3,3,3,3,R,50,R,50.0,Z,0.0,R,35.0,R,35.0,A,,R,22.0,R,22.0,A,,R,22.0,R,22.0,A,,A,,A,,A,,A,,A,,A,,A,,A,,A,,A,,A,,A,,A,,A,,A,,A,,A,,,,,,,,,,,,,,,,,,,,,,,,,,,,,,,,,,,
491710,Yeshiva Gedolah of Cliffwood,2020,491710,3,3,2,1,1,3,3,3,3,R,22,R,22.0,Z,0.0,R,18.0,R,18.0,A,,R,18.0,R,18.0,A,,R,18.0,R,18.0,A,,A,,A,,A,,A,,A,,A,,A,,A,,A,,A,,A,,A,,A,,A,,A,,A,,A,,,,,,,,,,,,,,,,,,,,,,,,,,,,,,,,,,,
491710,Yeshiva Gedolah of Cliffwood,2021,491710,3,3,2,1,1,3,3,3,3,R,35,R,35.0,Z,0.0,R,20.0,R,20.0,A,,R,11.0,R,11.0,A,,R,11.0,R,11.0,A,,A,,A,,A,,A,,A,,A,,A,,A,,A,,A,,A,,A,,A,,A,,A,,A,,A,,,,,,,,,,,,,,,,,,,,,,,,,,,,,,,,,,,
491710,Yeshiva Gedolah of Cliffwood,2022,491710,5,3,5,1,1,5,3,3,3,R,30,R,30.0,Z,0.0,R,15.0,R,15.0,A,,R,11.0,R,11.0,A,,R,11.0,R,11.0,A,,A,,A,,A,,A,,A,,A,,A,,A,,A,,A,,A,,A,,A,,A,,A,,A,,A,,3.0,5.0,5.0,A,,R,0.0,A,,R,0.0,A,,R,0.0,A,,R,0.0,A,,A,,A,,A,,A,,A,,A,,
491710,Yeshiva Gedolah of Cliffwood,2023,491710,5,3,5,1,1,5,3,3,3,R,25,R,25.0,Z,0.0,R,20.0,R,20.0,A,,R,12.0,R,12.0,A,,R,12.0,R,12.0,A,,A,,A,,A,,A,,A,,A,,A,,A,,A,,A,,A,,A,,A,,A,,A,,A,,A,,3.0,5.0,5.0,A,,R,0.0,A,,R,0.0,A,,R,0.0,A,,R,0.0,A,,A,,A,,A,,A,,A,,A,,
491765,Yeshivas Emek Hatorah,2018,491765,3,3,2,1,1,3,3,3,3,R,0,R,0.0,R,0.0,A,,A,,A,,A,,A,,A,,A,,A,,A,,A,,A,,A,,A,,A,,A,,A,,A,,A,,A,,A,,A,,A,,A,,A,,A,,A,,,,,,,,,,,,,,,,,,,,,,,,,,,,,,,,,,,
491765,Yeshivas Emek Hatorah,2019,491765,3,3,2,1,1,3,3,3,3,R,35,R,35.0,Z,0.0,R,33.0,R,33.0,A,,R,29.0,R,29.0,A,,R,29.0,R,29.0,A,,A,,A,,A,,A,,A,,A,,A,,A,,A,,A,,A,,A,,A,,A,,A,,A,,A,,,,,,,,,,,,,,,,,,,,,,,,,,,,,,,,,,,
491765,Yeshivas Emek Hatorah,2020,491765,3,3,2,1,1,3,3,3,3,R,18,R,18.0,Z,0.0,R,17.0,R,17.0,A,,R,17.0,R,17.0,A,,R,17.0,R,17.0,A,,A,,A,,A,,A,,A,,A,,A,,A,,A,,A,,A,,A,,A,,A,,A,,A,,A,,,,,,,,,,,,,,,,,,,,,,,,,,,,,,,,,,,
491765,Yeshivas Emek Hatorah,2021,491765,3,3,2,1,1,3,3,3,3,R,27,R,27.0,Z,0.0,R,27.0,R,27.0,A,,R,27.0,R,27.0,A,,R,27.0,R,27.0,A,,A,,A,,A,,A,,A,,A,,A,,A,,A,,A,,A,,A,,A,,A,,A,,A,,A,,,,,,,,,,,,,,,,,,,,,,,,,,,,,,,,,,,
491765,Yeshivas Emek Hatorah,2022,491765,5,3,5,1,1,5,3,3,3,R,23,R,23.0,Z,0.0,R,23.0,R,23.0,A,,R,23.0,R,23.0,A,,R,23.0,R,23.0,A,,A,,A,,A,,A,,A,,A,,A,,A,,A,,A,,A,,A,,A,,A,,A,,A,,A,,3.0,5.0,5.0,A,,R,0.0,A,,R,0.0,A,,R,0.0,A,,R,0.0,A,,A,,A,,A,,A,,A,,A,,
491765,Yeshivas Emek Hatorah,2023,491765,5,3,5,1,1,5,3,3,3,R,29,R,29.0,Z,0.0,R,29.0,R,29.0,A,,R,29.0,R,29.0,A,,R,29.0,R,29.0,A,,A,,A,,A,,A,,A,,A,,A,,A,,A,,A,,A,,A,,A,,A,,A,,A,,A,,3.0,5.0,5.0,A,,R,0.0,A,,R,0.0,A,,R,0.0,A,,R,0.0,A,,A,,A,,A,,A,,A,,A,,
491817,Seminary Bnos Chaim,2018,491817,3,3,2,1,1,3,3,3,3,R,180,R,0.0,R,180.0,R,145.0,A,,R,145.0,R,105.0,A,,R,105.0,R,105.0,A,,R,105.0,R,0.0,A,,R,0.0,A,,A,,A,,A,,A,,A,,A,,A,,A,,A,,A,,A,,A,,A,,,,,,,,,,,,,,,,,,,,,,,,,,,,,,,,,,,
491817,Seminary Bnos Chaim,2019,491817,3,3,2,1,1,3,3,3,3,R,274,Z,0.0,R,274.0,R,171.0,A,,R,171.0,R,133.0,A,,R,133.0,R,133.0,A,,R,133.0,A,,A,,A,,A,,A,,A,,A,,A,,A,,A,,A,,A,,A,,A,,A,,A,,A,,,,,,,,,,,,,,,,,,,,,,,,,,,,,,,,,,,
491817,Seminary Bnos Chaim,2020,491817,3,3,2,1,1,3,3,3,3,R,250,Z,0.0,R,250.0,R,175.0,A,,R,175.0,R,149.0,A,,R,149.0,R,146.0,A,,R,146.0,R,3.0,A,,R,3.0,A,,A,,A,,A,,A,,A,,A,,A,,A,,A,,A,,A,,A,,A,,,,,,,,,,,,,,,,,,,,,,,,,,,,,,,,,,,
491817,Seminary Bnos Chaim,2021,491817,3,3,2,1,1,3,3,3,3,R,300,Z,0.0,R,300.0,R,228.0,A,,R,228.0,R,126.0,A,,R,126.0,R,123.0,A,,R,123.0,R,3.0,A,,R,3.0,A,,A,,A,,A,,A,,A,,A,,A,,A,,A,,A,,A,,A,,A,,,,,,,,,,,,,,,,,,,,,,,,,,,,,,,,,,,
491817,Seminary Bnos Chaim,2022,491817,5,3,5,1,1,5,3,3,3,R,384,Z,0.0,R,384.0,R,184.0,A,,R,184.0,R,135.0,A,,R,135.0,R,135.0,A,,R,135.0,R,0.0,A,,R,0.0,A,,A,,A,,A,,A,,A,,A,,A,,A,,A,,A,,A,,A,,A,,3.0,5.0,5.0,A,,R,0.0,A,,R,0.0,A,,R,0.0,A,,R,0.0,A,,R,0.0,A,,A,,A,,A,,A,,
491817,Seminary Bnos Chaim,2023,491817,5,3,5,1,1,5,3,3,3,R,380,Z,0.0,R,380.0,R,165.0,A,,R,165.0,R,108.0,A,,R,108.0,R,108.0,A,,R,108.0,A,,A,,A,,A,,A,,A,,A,,A,,A,,A,,A,,A,,A,,A,,A,,A,,A,,3.0,5.0,5.0,A,,R,0.0,A,,R,0.0,A,,R,0.0,A,,R,0.0,A,,A,,A,,A,,A,,A,,A,,
491914,Yeshiva Gedola Tiferes Yerachmiel,2018,491914,3,3,2,1,1,3,3,3,3,R,78,R,78.0,R,0.0,R,26.0,R,26.0,A,,R,23.0,R,23.0,A,,R,23.0,R,23.0,A,,A,,A,,A,,A,,A,,A,,A,,A,,A,,A,,A,,A,,A,,A,,A,,A,,A,,,,,,,,,,,,,,,,,,,,,,,,,,,,,,,,,,,
491914,Yeshiva Gedola Tiferes Yerachmiel,2019,491914,3,3,2,1,1,3,3,3,3,R,49,R,49.0,Z,0.0,R,21.0,R,21.0,A,,R,19.0,R,19.0,A,,R,19.0,R,19.0,A,,A,,A,,A,,A,,A,,A,,A,,A,,A,,A,,A,,A,,A,,A,,A,,A,,A,,,,,,,,,,,,,,,,,,,,,,,,,,,,,,,,,,,
491914,Yeshiva Gedola Tiferes Yerachmiel,2020,491914,3,3,2,1,1,3,3,3,3,R,27,R,27.0,Z,0.0,R,26.0,R,26.0,A,,R,25.0,R,25.0,A,,R,25.0,R,25.0,A,,A,,A,,A,,A,,A,,A,,A,,A,,A,,A,,A,,A,,A,,A,,A,,A,,A,,,,,,,,,,,,,,,,,,,,,,,,,,,,,,,,,,,
491914,Yeshiva Gedola Tiferes Yerachmiel,2021,491914,3,3,2,1,1,3,3,3,3,R,80,R,80.0,Z,0.0,R,25.0,R,25.0,A,,R,25.0,R,25.0,A,,R,25.0,R,25.0,A,,A,,A,,A,,A,,A,,A,,A,,A,,A,,A,,A,,A,,A,,A,,A,,A,,A,,,,,,,,,,,,,,,,,,,,,,,,,,,,,,,,,,,
491914,Yeshiva Gedola Tiferes Yerachmiel,2022,491914,5,3,5,1,1,5,3,3,3,R,82,R,82.0,Z,0.0,R,24.0,R,24.0,A,,R,24.0,R,24.0,A,,R,24.0,R,24.0,A,,A,,A,,A,,A,,A,,A,,A,,A,,A,,A,,A,,A,,A,,A,,A,,A,,A,,3.0,5.0,5.0,A,,R,0.0,A,,R,0.0,A,,R,0.0,A,,R,0.0,A,,A,,A,,A,,A,,A,,A,,
491914,Yeshiva Gedola Tiferes Yerachmiel,2023,491914,5,3,5,1,1,5,3,3,3,R,61,R,61.0,Z,0.0,R,26.0,R,26.0,A,,R,22.0,R,22.0,A,,R,22.0,R,22.0,A,,A,,A,,A,,A,,A,,A,,A,,A,,A,,A,,A,,A,,A,,A,,A,,A,,A,,3.0,5.0,5.0,A,,R,0.0,A,,R,0.0,A,,R,0.0,A,,R,0.0,A,,A,,A,,A,,A,,A,,A,,
493707,Yeshiva Gedolah of Woodlake Village,2019,493707,3,3,2,1,1,3,3,3,3,R,38,R,38.0,Z,0.0,R,33.0,R,33.0,A,,R,28.0,R,28.0,A,,R,28.0,R,28.0,A,,A,,A,,A,,A,,A,,A,,A,,A,,A,,A,,A,,A,,A,,A,,A,,A,,A,,,,,,,,,,,,,,,,,,,,,,,,,,,,,,,,,,,
493707,Yeshiva Gedolah of Woodlake Village,2020,493707,3,3,2,1,1,3,3,3,3,R,40,R,40.0,Z,0.0,R,33.0,R,33.0,A,,R,33.0,R,33.0,A,,R,33.0,R,33.0,A,,A,,A,,A,,A,,A,,A,,A,,A,,A,,A,,A,,A,,A,,A,,A,,A,,A,,,,,,,,,,,,,,,,,,,,,,,,,,,,,,,,,,,
493707,Yeshiva Gedolah of Woodlake Village,2021,493707,3,3,2,1,1,3,3,3,3,R,34,R,34.0,Z,0.0,R,32.0,R,32.0,A,,R,32.0,R,32.0,A,,R,32.0,R,32.0,A,,A,,A,,A,,A,,A,,A,,A,,A,,A,,A,,A,,A,,A,,A,,A,,A,,A,,,,,,,,,,,,,,,,,,,,,,,,,,,,,,,,,,,
493707,Yeshiva Gedolah of Woodlake Village,2022,493707,5,3,5,1,1,5,3,3,3,R,36,R,36.0,Z,0.0,R,30.0,R,30.0,A,,R,30.0,R,30.0,A,,R,30.0,R,30.0,A,,A,,A,,A,,A,,A,,A,,A,,A,,A,,A,,A,,A,,A,,A,,A,,A,,A,,3.0,5.0,5.0,A,,R,0.0,A,,R,0.0,A,,R,0.0,A,,R,0.0,A,,A,,A,,A,,A,,A,,A,,
493707,Yeshiva Gedolah of Woodlake Village,2023,493707,5,3,5,1,1,5,3,3,3,R,22,R,22.0,Z,0.0,R,21.0,R,21.0,A,,R,21.0,R,21.0,A,,R,21.0,R,21.0,A,,A,,A,,A,,A,,A,,A,,A,,A,,A,,A,,A,,A,,A,,A,,A,,A,,A,,3.0,5.0,5.0,A,,R,0.0,A,,R,0.0,A,,R,0.0,A,,R,0.0,A,,A,,A,,A,,A,,A,,A,,
493716,Yeshiva Gedola Tiferes Yaakov Yitzchok,2019,493716,3,3,2,1,1,3,3,3,3,R,44,R,44.0,Z,0.0,R,21.0,R,21.0,A,,R,16.0,R,16.0,A,,R,16.0,R,16.0,A,,A,,A,,A,,A,,A,,A,,A,,A,,A,,A,,A,,A,,A,,A,,A,,A,,A,,,,,,,,,,,,,,,,,,,,,,,,,,,,,,,,,,,
493716,Yeshiva Gedola Tiferes Yaakov Yitzchok,2020,493716,3,3,2,1,1,3,3,3,3,R,32,R,32.0,Z,0.0,R,16.0,R,16.0,A,,R,16.0,R,16.0,A,,R,16.0,R,16.0,A,,A,,A,,A,,A,,A,,A,,A,,A,,A,,A,,A,,A,,A,,A,,A,,A,,A,,,,,,,,,,,,,,,,,,,,,,,,,,,,,,,,,,,
493716,Yeshiva Gedola Tiferes Yaakov Yitzchok,2021,493716,3,3,2,1,1,3,3,3,3,R,38,R,38.0,Z,0.0,R,14.0,R,14.0,A,,R,13.0,R,13.0,A,,R,13.0,R,13.0,A,,A,,A,,A,,A,,A,,A,,A,,A,,A,,A,,A,,A,,A,,A,,A,,A,,A,,,,,,,,,,,,,,,,,,,,,,,,,,,,,,,,,,,
493716,Yeshiva Gedola Tiferes Yaakov Yitzchok,2022,493716,5,3,5,1,1,5,3,3,3,R,40,R,40.0,Z,0.0,R,25.0,R,25.0,A,,R,20.0,R,20.0,A,,R,20.0,R,20.0,A,,A,,A,,A,,A,,A,,A,,A,,A,,A,,A,,A,,A,,A,,A,,A,,A,,A,,3.0,5.0,5.0,A,,R,0.0,A,,R,0.0,A,,R,0.0,A,,R,0.0,A,,A,,A,,A,,A,,A,,A,,
493716,Yeshiva Gedola Tiferes Yaakov Yitzchok,2023,493716,5,3,5,1,1,5,3,3,3,R,40,R,40.0,Z,0.0,R,20.0,R,20.0,A,,R,20.0,R,20.0,A,,R,20.0,R,20.0,A,,A,,A,,A,,A,,A,,A,,A,,A,,A,,A,,A,,A,,A,,A,,A,,A,,A,,3.0,5.0,5.0,A,,R,0.0,A,,R,0.0,A,,R,0.0,A,,R,0.0,A,,A,,A,,A,,A,,A,,A,,
